temperature_c,vibration_rms_ms2,gas_adc,motor_state,temperature_change,vibration_peak,gas_normalized
43.457112726283945,0.8982675012825783,1080.6121615555408,NORMAL,3.611405036591851,1.4014345853534425,0.2638857537376168
81.38220721294226,4.9951421313051165,3828.4444614975064,FAULT,40.676805119828146,10.915604779952165,0.9349070724047635
26.059435584574988,0.9107134762952415,630.6449080533013,NORMAL,-14.062715006660728,1.8215421346265728,0.15400364055025673
43.59075271275922,0.6645750046270691,719.2649421587123,NORMAL,3.5242777055567243,1.4497702122489453,0.17564467451983207
39.969350194772105,0.636259202396362,598.4816901059893,NORMAL,0.13461748392858547,0.989078799175099,0.14614937487325746
40.83971147700834,0.7899036783279318,692.5040216598705,NORMAL,-1.3363977045410005,1.6689717949293654,0.16910965119899157
84.28990972369746,4.43714363443428,4055.8131188191046,FAULT,43.06269936213753,8.986827681688297,0.9904305540461794
41.65281638274422,0.7451353109066694,1020.1603587635939,NORMAL,2.809254013516826,1.1423435370252413,0.24912340873347835
43.372924156183124,1.2098370960314861,720.7370448034189,NORMAL,6.115398405094179,2.3309599380200035,0.17600416234515726
41.48179328026452,0.7665705986612183,1300.0,NORMAL,-3.3840237823072625,1.5249116670257068,0.31746031746031744
36.412570813463866,1.1020442685913214,841.1653007566258,NORMAL,-3.762886098544802,1.9159773687827095,0.2054127718575399
61.71180376517352,2.8547443355761737,2091.4957061278296,WARNING,22.298854100472138,4.38570767988656,0.5107437621801781
82.20666434343619,4.471934290732723,3688.9062802650833,FAULT,41.2868354217913,8.128948510253132,0.9008318144725478
42.89770807786615,0.8083518279571925,626.4484314560573,NORMAL,3.7735201349087357,1.2922145767212183,0.15297885994042912
39.29965639905667,0.6730302433559248,439.6415056893486,NORMAL,-2.2281657252698346,0.9784445193019112,0.10736056304990198
38.0455010312245,0.1,973.4419373581383,NORMAL,-2.2607732833406526,0.15006574787017796,0.23771475881761617
63.51776098820901,1.5,1200.0,WARNING,21.497287531963256,3.2136926996567574,0.29304029304029305
43.97431333896609,0.6767260747282415,630.8464498567525,NORMAL,5.667938917077225,1.3452058189840583,0.15405285710787608
39.253545291262775,0.822942320177344,573.1566787002764,NORMAL,0.9715812520434406,1.5387789560169318,0.13996500090360842
49.078260319595536,1.0240641975847544,574.6152082929277,NORMAL,7.678412950142049,1.663134370891562,0.14032117418630713
56.211936267160134,3.280024033779033,1490.9128279871825,WARNING,16.72492644757282,5.080403775888798,0.36408127667574663
40.646927618882415,1.0419851403846445,847.951257563963,NORMAL,1.1576568255476993,1.8655750148204655,0.20706990416702395
53.95991558509466,2.153014118140105,2132.1130632730747,WARNING,10.602799515826973,4.48461134198228,0.5206625307138155
39.13182158604892,0.6836059603303545,890.6153659939293,NORMAL,-0.5880839285624992,1.0863098052923625,0.2174884898642074
32.063967866061844,0.6521490800478483,753.3052989410924,NORMAL,-7.872232827660669,1.0401570786104601,0.18395733795875271
33.454173428487096,0.688708732875246,730.8562325162967,NORMAL,-6.340950234492609,1.4592689904990284,0.17847527045575012
82.91546488253378,4.879115892090161,4095.0,FAULT,43.06149185743917,7.41366859580718,1.0
31.067365736604973,0.7455280398545013,690.6187510337608,NORMAL,-9.20309143276418,1.3041019474819273,0.16864926765171204
62.26220833918848,2.474793683137906,1262.340606845183,WARNING,24.392660004728157,3.6599457486122264,0.30826388445547814
31.697624646185215,0.3766495463342699,961.998022203129,NORMAL,-7.891363163695328,0.7541192270600873,0.23492015194215604
57.79817866367823,2.1666037378266196,2700.0,WARNING,19.851447115358685,3.1862004479525865,0.6593406593406593
84.53998422051264,5.597466725899423,2700.0,FAULT,45.748343190970594,8.636387556719376,0.6593406593406593
49.65425433524151,0.45661872619791316,1168.6714705201753,NORMAL,8.471935000902825,0.9542174358399679,0.2853898584908853
33.52957338419375,1.15727257284535,1079.9916782749053,NORMAL,-8.087194348711433,2.303152201555618,0.2637342315689635
44.02991055811077,1.0400439867513447,773.1966267632582,NORMAL,6.721639583655114,1.457679940454769,0.18881480507039272
41.71318990684614,0.9010423768465851,654.3412548191145,NORMAL,0.42071546925198877,1.3047397591311716,0.159790294217122
38.62801713238824,0.35498510949656065,891.9311761525407,NORMAL,-2.07331342545187,0.5461335994862931,0.21780981102626149
39.71266936499585,0.7344193312021159,749.4897693991288,NORMAL,-0.7763972599358951,1.4779012901907873,0.18302558471285196
67.17615767009111,2.670757726905515,2222.32065806647,WARNING,29.229339063884566,4.378015610155131,0.5426912473910794
47.10521384184166,0.7457420726255976,505.0358882184863,NORMAL,8.032251644502884,1.495527346591798,0.12332988723284159
39.62439706013084,0.8844807644309445,568.8730620859943,NORMAL,-0.825001078029197,1.3258329673051474,0.1389189406803405
43.43100343026455,0.8831643486533471,558.4873681331053,NORMAL,4.942034239424551,1.555009994156694,0.136382751680856
31.244648254038154,0.3870426995387231,699.0972284668803,NORMAL,-7.734389476503161,0.7992987538410187,0.1707197139113261
39.69602946994179,0.517101093636678,957.7355186837551,NORMAL,1.0565928632505681,1.0692705731564351,0.23387924754182055
38.17821399916891,0.4384805081999889,609.0006864009005,NORMAL,-3.862718095145328,0.7072354546769704,0.14871811633721624
63.558248733569016,2.7084815852856408,2182.31430627279,WARNING,23.909291452305062,5.394576198955921,0.5329216865135018
30.341155105495055,1.0460296868989891,652.763126772726,NORMAL,-7.106833721956696,1.8439679183573432,0.15940491496281464
62.04772170062785,3.13450982745307,1235.766233888893,WARNING,21.24712208579474,4.742660150445955,0.30177441609008376
60.472570447831735,1.7187672783386723,1582.3172594546552,WARNING,20.583033036297827,3.549737225310462,0.38640226116108795
38.25696242630745,0.8000122462291367,178.13329691949752,NORMAL,-0.1621329825918285,1.2280439475730833,0.0435001946079359
39.03018064723669,0.4008102060162561,541.4328949915505,NORMAL,-1.82096998993738,0.618825478385233,0.1322180451749818
45.39898175150468,1.0230169266226747,715.6450739140059,NORMAL,3.2434036545043226,1.8522570837872503,0.17476070181050207
48.604601599050376,0.9465141520248721,718.5697672841578,NORMAL,6.133061709253622,1.3355572776597788,0.17547491264570397
38.65353255124623,1.143309907445698,750.2416420582028,NORMAL,0.5189413304288037,1.76705632909334,0.18320919219980533
38.361178776394055,0.2856089189325038,524.2149738056578,NORMAL,-0.47558210394150024,0.5316548304071985,0.12801342461676624
47.722722257280694,0.5674722850528783,699.8505837863536,NORMAL,7.569968255896566,1.2135705878457248,0.170903683464311
26.007054472696378,0.5075505991232833,697.1685718294665,NORMAL,-9.927556149994352,0.7579188055023127,0.1702487354894912
64.02241264374447,2.570237369143721,1200.0,WARNING,21.46044452662194,4.628075319253813,0.29304029304029305
69.94405354894373,2.2793890551181692,2313.9426956425064,WARNING,28.242856762143834,4.755471643486229,0.5650653713412714
40.84117171211716,1.0780638008804084,891.7992096401814,NORMAL,2.936866958765791,2.1147028269915276,0.21777758477171708
40.19083156001004,0.49241942705400354,822.7911288567027,NORMAL,1.2757543247897223,0.8200885243127511,0.2009257945926014
39.367812181451825,0.41349032885866355,944.5569471875061,NORMAL,-0.008481858547383925,0.7704995989350947,0.23066103716422617
40.729896125067576,0.9154527376587012,547.3999443381167,NORMAL,1.2237333283269882,1.6561832840344741,0.1336752000825682
37.35979724559084,0.977257748277713,615.0257457422828,NORMAL,-1.4810776958619383,2.1077164143374443,0.15018943729970274
63.622595648399766,2.9121389433653806,2008.347755141153,WARNING,24.853341184998595,4.090812588858065,0.4904390122444818
39.876870092842594,0.5957573699930963,790.9310959654551,NORMAL,-3.2448843666202105,1.157289023054863,0.19314556678033093
30.680578503496264,1.1322535772792865,623.2654195364553,NORMAL,-8.502159152495281,1.9589509755322227,0.15220156765237003
53.30125833515313,1.8406535041707306,2173.6712356447365,WARNING,13.318964306822593,3.8984276333153858,0.5308110465554912
32.9850545613858,0.7945685542744142,612.2456697550106,NORMAL,-9.074302373384858,1.321955774603776,0.14951054206471565
37.89157949612424,0.8310073748973507,606.2537146127631,NORMAL,-1.3162264465177334,1.5377722344338955,0.1480473051557419
41.56545964775974,0.5450077415980144,797.2918495680029,NORMAL,1.7856086030439502,1.076644075738287,0.19469886436337067
73.0,3.452563581711514,2092.8713537358626,WARNING,31.00923042992234,6.92627129034203,0.5110796956619933
45.02026948939439,0.3329796715226529,274.8395799971616,NORMAL,3.830795682213375,0.6453616292599159,0.06711589255119942
39.87469927709201,0.5513390705280108,848.9871165423424,NORMAL,-0.6391350361587274,1.062109649354759,0.2073228611825012
72.0,6.215944211589503,4095.0,FAULT,30.209360441099456,10.891913307900266,1.0
48.11104243925076,0.8888722289405089,812.8618226465705,NORMAL,8.084680390780735,1.471955529578434,0.19850105559134812
34.79918559510259,0.4778375297659629,1216.8582528049333,NORMAL,-5.292051898874117,1.0402212159098194,0.2971570824920472
58.458107236356035,1.8288443734997404,1947.1499086065865,WARNING,18.692711587225396,3.6060020082388626,0.47549448317621157
37.90179629194946,0.5721068322408975,786.4220721336417,NORMAL,-3.3581454112817806,0.841620082121473,0.19204446205949735
40.01422957948405,0.705525165255032,725.6502150673616,NORMAL,-2.041537923560485,1.2769241350827276,0.17720395972340944
38.45124427991947,0.8743889854918852,843.1174265754488,NORMAL,-1.7614089176523935,1.6710423507793482,0.20588948145920605
61.56105068653578,2.840617651096386,2339.7483037181305,WARNING,21.491504216707707,4.765777671088976,0.5713671071350747
35.499957150954195,0.9188540712545851,493.5463382083595,NORMAL,-4.824079102447288,1.9240483949174343,0.1205241363146177
34.524867712865415,0.9148603489364155,715.1649729956433,NORMAL,-4.439350718092505,1.8848368571145862,0.17464346104899714
72.0,4.173204048833285,3004.9795468921,FAULT,30.55747277345478,8.694250762555892,0.73381673916779
67.37026694014426,2.902550093921543,1697.1567429914658,WARNING,27.170690610594477,5.194374307226591,0.414446091084607
34.96245599382412,1.041461739823027,756.6389862733595,NORMAL,-3.9073097990485777,1.5729734181887833,0.18477142521937961
39.759929041247716,1.020228783116071,464.61086356468843,NORMAL,0.1492858906123431,1.4733551328883778,0.11345808634058326
67.76420707710332,1.9120919890886503,1784.791660244656,WARNING,28.077030899685468,3.083544201156445,0.4358465592783043
36.53973699139572,0.5098493823570203,676.1284149006815,NORMAL,-5.648049576941093,0.7626435560665649,0.16511072402947044
29.53949114872891,0.6004028324144629,836.81054220249,NORMAL,-7.755757358987074,1.0001830169465442,0.2043493387551868
72.12546582499405,3.4556964960272003,1711.7214905123576,WARNING,31.778793479600434,6.517686914875238,0.4180028059859237
46.874953157471,0.876307302776741,1015.2242646679811,NORMAL,10.501701544717786,1.8264692695900309,0.24791801334993432
43.44148465111044,0.8087109394195727,642.2723137154555,NORMAL,2.050811951795009,1.7305780739266858,0.1568430558523701
41.49942533272887,0.8150024205409603,802.9503016213283,NORMAL,3.3056281985564504,1.258229359339358,0.19608065973658811
61.6103083763636,2.0041495126734628,1982.4674673715274,WARNING,20.78642938907539,2.991215908540343,0.48411903965116665
52.991519636346574,0.997231329087426,752.9068645937988,NORMAL,11.89500635832901,1.948522158782552,0.18386004019384586
36.12114989794889,0.7296521494786766,857.7677083314534,NORMAL,-4.537430280082178,1.3102164144800155,0.20946708384162477
44.14585199512425,0.792070509451215,756.0239456933497,NORMAL,6.043046092655183,1.5749760195301736,0.18462123215954815
40.95741162719956,0.9893754489542104,505.896770528763,NORMAL,1.1624718917906254,1.8330843728364103,0.12354011490323882
73.0,1.950041479692711,2306.8923265464095,WARNING,33.11714390360062,3.9311752952241474,0.5633436694863027
67.62325119915786,3.1479615827594642,2700.0,WARNING,29.5342517514922,5.026246589091784,0.6593406593406593
27.21472697966071,0.7339355532776968,837.1904428990906,NORMAL,-14.154785547778053,1.4912707573612516,0.20444211059806852
43.815802570772576,0.8545009351922355,562.1614959784304,NORMAL,2.5278191007922386,1.675014664213902,0.1372799745979073
66.72401245083353,2.3051647202145773,2440.6452205235614,WARNING,28.42403167975627,3.413784251969061,0.5960061588580126
56.737524187473866,1.5342236459284888,1979.0764614950199,WARNING,15.425432259106374,2.5148619005814634,0.48329095518803905
49.30782061915909,0.5904845156459011,653.8802244879255,NORMAL,9.007930548041031,1.2781785893413866,0.1596777104976619
36.00330422901433,1.049666976236478,526.5830603015602,NORMAL,-4.2300612116726874,2.0698546196820113,0.1285917119173529
36.5877453290001,0.46607799080374235,801.2680270759613,NORMAL,-1.4744995553690023,0.9660987923970641,0.19566984788179764
53.83301535550935,0.1,559.1714717400527,NORMAL,13.357972084798027,0.16630323392137553,0.1365498099487308
36.30428862822109,1.0306249240556467,468.94834223670694,NORMAL,-4.385035693039006,1.5538146570296705,0.11451729969150352
67.00751223750562,2.6533038632837833,2103.8194534207273,WARNING,28.558217375131633,3.8166668554802623,0.5137532242785658
47.45694813062144,0.8437296333933568,774.6303500833906,NORMAL,7.108541326663081,1.593290901161729,0.18916492065528462
62.58728865473601,2.9114917593137615,2312.8258755578604,WARNING,22.91167116009919,5.459540542084018,0.5647926436038732
31.977817997436738,0.8158435624272232,554.0530699822257,NORMAL,-9.82875754598823,1.6200288897802435,0.1352998949895545
39.65188450639954,0.605929199208359,454.9545865926276,NORMAL,-0.1794257302876613,1.1970901202673685,0.11110002114594081
72.06385754710467,2.251761599279313,1459.2231135036827,WARNING,34.38610703026163,3.878472727603068,0.35634264066023996
39.36218918995034,0.5564168184158681,408.59780105766555,NORMAL,-3.279780546016279,0.7985346841203661,0.09977968279796473
37.240315621519635,1.043594537885674,354.7249512499005,NORMAL,-3.6651378079013934,1.7071985028441006,0.08662391971914543
39.93198057162324,0.8984327803123825,684.9308191810283,NORMAL,2.78978290516682,1.6249520705237914,0.1672602733042804
39.20377395373367,0.5509384852930092,363.93476142420315,NORMAL,-1.8263101579445074,0.9811919049076058,0.08887295761274802
40.29343719224955,0.8748642231156327,366.8901134654626,NORMAL,0.4477877620309685,1.6857559362367336,0.08959465530292127
75.3618096453882,5.677781947317634,3612.5070745162857,FAULT,37.25251414079999,10.354604654689508,0.8821751097719868
40.58414057784539,1.1501560348333306,799.3820454556507,NORMAL,-0.8056718135096221,2.234957155212387,0.1952092907095606
39.83155384229531,0.8386638191077347,111.61213613331506,NORMAL,0.9571045349032501,1.8356583239302229,0.027255710899466438
34.49978443689651,0.5380797325003255,665.7019602407507,NORMAL,-5.467018611117827,0.9645093913162553,0.1625645812553726
36.80549001657675,0.17956189342338003,977.7360380954511,NORMAL,-4.492350812235382,0.3366285722386084,0.23876337926628843
42.11459639807975,0.7045344839508014,824.8343344314123,NORMAL,4.359823975970373,1.4482190156311059,0.2014247458928968
36.54399777333611,0.9528063650370807,517.704945505682,NORMAL,-4.207282621559841,1.5980150345175266,0.12642367411616165
34.12864848587328,0.7912739044584478,740.8705170758298,NORMAL,-6.628625390446789,1.3417634122591444,0.18092076119067882
64.90908140543294,1.8927742017595302,1200.0,WARNING,24.766811297590323,3.096192092872566,0.29304029304029305
37.98316980948946,0.7104854560581859,1180.549014537358,NORMAL,-2.440550537064613,1.459876190861374,0.28829035764038047
41.601571671865685,0.6065487679299724,465.96428835576745,NORMAL,2.600025992124995,0.9815039873058483,0.11378859300507142
40.79874347527961,0.7368059654098378,326.16693439482975,NORMAL,-0.9732800278314415,1.2257505069372554,0.07965004502926246
41.3261697919915,0.5565485237228305,518.987094603695,NORMAL,1.4076467683288754,1.092585370016749,0.12673677523899757
39.96846374543064,0.5923811500000689,523.4618651288947,NORMAL,-1.2237950815750476,0.8919443628925541,0.1278295152939914
74.31500838786702,3.8,3240.6156913167574,FAULT,35.78792003706523,5.459773232540808,0.7913591431786954
38.08291844442108,0.2937429187072677,728.7675728799495,NORMAL,-0.13010809325346218,0.4650761192241136,0.17796521926250294
44.87066217628878,0.4031906241682265,400.2966043864865,NORMAL,4.914528502770531,0.5707928523778141,0.09775252854370854
43.753049584342406,0.6822411266998525,612.1495122862316,NORMAL,3.55669678623079,1.051089098147132,0.14948706038735815
62.0900328799318,2.2279337726767388,1810.4139854950017,WARNING,22.036541984911032,3.8671918150159446,0.4421035373614168
64.33803087703578,3.201228968987908,1832.2430777567301,WARNING,24.094020153079647,6.111289016723206,0.4474342070224005
59.849822014423594,2.9959188304198214,1818.511814845932,WARNING,21.629377028698325,5.980550446377179,0.44408102926640586
39.80839391128424,0.8198227210396912,812.6132512832332,NORMAL,0.8837697312993877,1.5834823087928795,0.19844035440371996
42.92884069333535,0.16191039720578715,991.0259432840309,NORMAL,4.371601301574568,0.3149252169750589,0.2420087773587377
42.12667928464393,0.4013228671476578,777.0260189306896,NORMAL,1.431958766170584,0.6551120868921814,0.18974994357281796
44.893680029686735,1.0506291466674258,378.70814799384715,NORMAL,7.96341095986037,2.302384849523398,0.09248062222071969
36.65190700065121,0.5373212383996235,1062.9141405987716,NORMAL,-4.609377495163545,0.859436025816034,0.25956389269811275
68.41154913292594,2.490674779897881,1995.6066984089198,WARNING,28.356967356005566,3.7233297067961035,0.4873276430791013
41.95792121175055,0.6487757563965236,341.0260944995547,NORMAL,0.956036978634552,1.0226030991313118,0.0832786555554468
54.11617209915984,2.2120120689161378,1988.8229913211721,WARNING,11.047346750837661,3.5837799779482586,0.48567106015169037
46.69110265965294,0.9383696168469721,770.287525660882,NORMAL,6.475516819793468,1.471119452326381,0.18810440187078925
36.25586267215274,0.6028601243492103,941.3181335739987,NORMAL,-0.2924699259705861,1.0572067417778876,0.22987011808888858
62.40159570358127,3.771853099901091,2361.701064219464,WARNING,26.558376708911297,7.064453632143917,0.5767279766103698
42.837973630138826,0.7377277938540051,627.2746540192463,NORMAL,3.346562499215252,1.607937181904137,0.15318062369212365
31.661553859260493,0.9567681270133668,1225.5186815133386,NORMAL,-8.692217401071686,1.4182538603081007,0.2992719612975186
48.58020161056066,0.1,444.79785135274017,NORMAL,7.992103027656938,0.15408889502387876,0.10861974392008307
60.95608524547818,2.1905611502228037,2524.4673050248757,WARNING,19.555937663397838,3.7656118737163258,0.616475532362607
35.7339924210972,0.7714742885981974,633.1197984343554,NORMAL,-4.309070178231284,1.1861867722410089,0.15460800938567898
36.20685788319988,0.8038423994723235,663.53291638811,NORMAL,-4.044865531330727,1.6336240558495065,0.1620349002168767
72.94181416281847,4.2837002042825825,3498.0476798374193,FAULT,34.678027470710845,6.786380543596615,0.8542240976403954
39.821972576950856,0.8874243172786807,234.98481286580665,NORMAL,0.2647964933836936,1.9137775671489206,0.05738334868517867
37.98920132463741,0.27498436809073834,724.7885436043932,NORMAL,-2.1610374444219564,0.47763922936250675,0.17699353934173218
35.21209080621683,0.7701035233881661,777.7765370613395,NORMAL,-3.4226562621260976,1.3902750893774523,0.18993322028359938
40.34394166262989,0.9121407246361205,821.2709777869836,NORMAL,0.0693118082237485,1.9799112187698908,0.20055457333015472
33.87735453591854,0.5066407511787074,761.8850727098296,NORMAL,-6.2083265273774435,0.9436739448806969,0.1860525208082612
46.97676464878477,0.6582971540868872,610.2147314835199,NORMAL,6.84419393283615,0.9911904944276158,0.149014586442862
48.00953825508464,0.46082277784406955,525.988308034729,NORMAL,9.849621065196478,0.9122508165172855,0.1284464732685541
71.00696064603233,2.0292897772961704,1709.4992766017845,WARNING,31.98662744987324,3.627134671002811,0.41746014080629656
39.95871742666073,0.598036842293858,748.6868902844076,NORMAL,0.7037227713202708,1.2341159737721694,0.18282952143697376
62.23290539218647,3.040650369289116,2050.03513287751,WARNING,21.19135919500519,5.990495277731127,0.500619080067768
43.17381565796761,1.1885780646035606,451.036077911087,NORMAL,3.4429076067367093,2.271130226992146,0.11014312036900781
39.50657651595243,0.9994724914299459,635.5083693069105,NORMAL,-0.664866058286382,1.8366449847497828,0.15519129897604653
44.86822189899579,0.5020988285447805,784.7864082455515,NORMAL,5.272851476046447,1.0511860806534359,0.19164503253859622
39.40240609784962,0.8446842482709525,761.8267505976115,NORMAL,-2.6732054195444133,1.702547364181881,0.18603827853421526
59.5868862032486,2.067937155111604,1678.2681406715242,WARNING,23.027005909708084,4.466909109472147,0.409833489785476
39.73599258673077,1.1553826583619122,479.0628442606661,NORMAL,1.123133970281224,2.331614463584812,0.11698726355571822
77.51379293659069,6.304838755039858,3326.988295624509,FAULT,39.507924744399325,10.901544210543358,0.8124513542428594
38.828406377206164,0.3919043845607754,431.1732754869713,NORMAL,-0.2612021096366224,0.7642009512468543,0.10529261916653757
54.34139396115873,1.5,1820.5977097305324,WARNING,17.60816189712685,2.633486325834618,0.4445904053066013
42.76928083001606,1.036421053350306,915.7736840740702,NORMAL,5.127582976484671,1.5799786822251722,0.22363215728304522
43.859233177803816,0.7491477133654671,662.1588646033567,NORMAL,4.9591857210543955,1.5097638286200874,0.16169935643549616
37.406480742305,0.7184034548864437,908.8286749597545,NORMAL,0.025661259818940962,1.2400662434807797,0.2219361843613564
41.155086336716856,0.9439612135474396,797.5102900998266,NORMAL,1.122636364398933,1.5167970540780855,0.19475220759458525
45.790344372199264,0.8707287355680644,819.8224973905959,NORMAL,7.316685839752636,1.3540449590972163,0.20020085406363758
38.950131320579025,0.7330424785504825,471.37467710420606,NORMAL,-0.15678434462572954,1.3934135379785153,0.11510981125865838
34.262372956613966,0.989073969919827,347.4734090354607,NORMAL,-5.395914208995876,1.6251093758667652,0.08485309133955084
35.56404287497364,1.2470685833420223,925.4204254303905,NORMAL,-1.5513872905703945,1.8510305721951381,0.22598789387799526
47.877504679212024,0.4350570718100016,477.05246359515513,NORMAL,10.30272945246185,0.6487807139197435,0.11649632810626499
34.09095295614625,0.7213078857053702,708.4468436068126,NORMAL,-5.236399438499701,1.2988797393021836,0.17300289221167586
42.07847269946217,0.6996959929306026,328.2460031685028,NORMAL,0.37142906781512686,1.0476154223812777,0.08015775413150251
38.75672074807513,0.9592755534752604,816.8527609390802,NORMAL,-1.027059683023823,1.456772980870206,0.19947564369696708
35.91165850210626,0.8516819590659239,635.0149235154823,NORMAL,-1.191141978514631,1.2896950461311207,0.15507079939328017
39.48804462448155,0.8658718137311011,668.4913633699058,NORMAL,2.3878944424974256,1.2845634547380083,0.16324575418068518
39.06048030611613,1.3041970333167088,166.97426970039044,NORMAL,1.3193155824131004,2.587920792862319,0.04077515743599278
63.71496995868195,2.345062453727343,1767.9146057124478,WARNING,21.80072037617227,4.373435448901441,0.4317251784401582
38.4611283892772,0.5520844408403598,707.0452893240839,NORMAL,1.0666017258816947,0.9932008689217492,0.1726606323135736
72.06250272429439,2.6407243857627107,1945.5124898200854,WARNING,31.406954109802133,5.125871182688389,0.47509462510869
45.65721804032884,0.8733948867361698,733.2484033086521,NORMAL,5.612710922891059,1.71289684574943,0.179059439147412
72.65667292591773,2.246377992135809,1791.3011714853078,WARNING,34.83357693264969,3.833051592696827,0.4374361835128957
41.81722781067514,0.5863392059893264,500.07054743648195,NORMAL,3.2924367156834826,1.033835362311467,0.12211734980133869
41.19250606093954,0.7587949568559914,945.4759445837194,NORMAL,1.4653800381273165,1.1657975542809604,0.23088545655280082
45.28847550714108,0.9610836515214696,339.1179135843609,NORMAL,5.816048615705823,1.6466274639046867,0.08281267730997824
33.14525764952696,0.4857307146169254,708.397809979124,NORMAL,-7.285164929518374,0.7639493634640285,0.17299091818782025
66.83581722961158,1.7306424238158036,1200.0,WARNING,23.86387123808446,2.6992556502248277,0.29304029304029305
64.26926075451154,2.8987069920653643,2112.5925460005965,WARNING,25.254814872225495,5.93418186352049,0.5158956156289612
38.703291828536464,0.9164693492903127,575.1278653854822,NORMAL,1.087332858407736,1.4142451012750663,0.14044636517349993
66.97530813149748,2.0938509361268234,1790.546262131713,WARNING,27.975560176724304,3.194400488038435,0.4372518344643988
38.672771875521136,0.6190193979695702,697.2259024194426,NORMAL,-1.8655888755071122,1.1490111055706453,0.1702627356335635
40.235012226843224,0.6546821347039805,761.8362578506726,NORMAL,-0.576171058904112,1.043472966481257,0.18604060020773447
58.16358205100546,2.102940897451123,1756.1605894357251,WARNING,16.98765282222128,3.5581822182856158,0.4288548447950489
46.66099941947453,0.4191409335496839,220.77178070514583,NORMAL,6.979826380499119,0.6297907012065501,0.053912522760719374
57.39702349913825,2.691625638835262,1582.8897927358857,WARNING,17.44773198723654,4.960583010919422,0.38654207392817724
28.636911445228492,0.8481233145026734,929.6239023274547,NORMAL,-13.56108180879502,1.259025646462941,0.22701438396274842
50.214355480927935,2.14011593365768,2037.4775309560432,WARNING,11.762715826958495,4.3389496140122565,0.49755251061197636
32.590207719485726,1.092303018873258,436.51172647233517,NORMAL,-5.9628232922232005,1.652851751651343,0.10659627020081446
68.6187306247365,2.3446744667394164,1810.07694753515,WARNING,27.61070157254229,4.189433499858291,0.44202123260931625
35.67283864242423,1.2668726207447647,400.5076510637939,NORMAL,-3.1335098419006187,2.454873761728783,0.09780406619384466
39.335994127440124,0.7132453159639893,914.9921479078668,NORMAL,-1.2813437155182834,1.51791281947041,0.223441305960407
43.91220202052221,0.5059124562486017,790.4951525711272,NORMAL,5.454698053227784,1.0345431980763944,0.19303910929697854
63.75895565415275,2.4977622073284413,2483.2840830976884,WARNING,27.164143886974337,4.7399154133232235,0.6064185795110351
40.99762036779316,0.8926578049691843,669.1057892341759,NORMAL,2.989648327917795,1.8508715689336894,0.16339579712678287
48.14767097255383,0.629974844533462,585.4310321253688,NORMAL,9.796769204317252,1.0328671275206407,0.14296240100741606
38.2258777095259,0.8455662082230028,772.349744547696,NORMAL,-2.3009583973106666,1.3790197710512564,0.1886079962265436
41.26908238274814,1.0438504785738578,782.2453951160567,NORMAL,2.0356467546429533,1.7638182320153137,0.19102451651185756
65.14103035663713,3.3171781964726046,1906.4732808342017,WARNING,28.532662042770838,5.249002385446068,0.4655612407409528
42.95352108947193,0.7668167276909351,670.8351616623612,NORMAL,3.6662147014850692,1.451181116981858,0.1638181102960589
40.11686171643624,0.9618150791615441,670.9738093131385,NORMAL,-1.7856060520137715,1.4205815857783797,0.1638519680862365
36.19352877619938,0.8273108523462537,602.2887468257442,NORMAL,-6.002235732183657,1.4425840436339772,0.14707905905390578
44.7138318998925,0.8822477110324071,854.9867020094994,NORMAL,6.048519428508013,1.2509325732562535,0.20878796141868117
31.185511327994625,1.1278920801105432,745.4640101352911,NORMAL,-8.277106094493742,2.135112638727993,0.18204249331753142
40.517840186616645,1.0542264510346944,484.3299903090332,NORMAL,0.5376675931471877,1.5939505161316625,0.11827350190696781
45.8902850197998,0.5465633500073412,978.1344922818439,NORMAL,5.473574264216544,0.8558866125546608,0.23886068187590817
42.06409380843846,0.6102940771750883,814.546956674496,NORMAL,0.6355629986676099,1.1242950629780437,0.19891256573247765
36.228989186379046,0.33562264380626905,435.3599972335694,NORMAL,-3.9040031046756773,0.6472581329786412,0.10631501763945529
36.70424344651676,0.9402722856345955,728.9138587361454,NORMAL,-2.6367302925826506,1.641964494468867,0.178000942304309
37.18038034236764,0.5095486645538266,682.464055400584,NORMAL,-3.759879446717206,0.8415144199710208,0.1666578889867116
34.16764339691848,0.9067457340934449,710.2932168931435,NORMAL,-5.926125617189871,1.493270075399514,0.17345377701908266
38.4262092664127,0.5856334727646896,974.3289474590674,NORMAL,-1.7071666347001193,1.2766871040204584,0.23793136690087116
41.19380335864853,0.9614253105303685,157.33324501690356,NORMAL,-0.9056215835643524,1.7792742065995235,0.0384208168539447
44.036182672892835,0.8308986569897753,710.5975811694759,NORMAL,5.088325821815115,1.6285155494078485,0.17352810284968886
29.427259264551665,1.1450259019802287,809.2232681581021,NORMAL,-8.983149640294489,1.9344820810785095,0.19761251969672822
36.039540247355085,0.7553640560112264,249.98552826248635,NORMAL,-4.722365741057734,1.0976771215822623,0.06104652704822622
41.01522244204355,0.7163160133174592,858.2990091580447,NORMAL,3.8588286669534337,1.5152479512187933,0.20959682763322215
39.394165983558956,0.7847583259794169,600.8682887370387,NORMAL,-1.2661143370196393,1.1388401997342505,0.1467321828417677
40.17970251251959,0.575752498802189,326.96320426689374,NORMAL,2.320624968428697,1.1700105536067025,0.07984449432646978
40.65107477078985,0.5811664411139974,760.5088332710561,NORMAL,2.345837870532351,0.8717478414166145,0.1857164428012347
58.371189040422685,2.4171179043052584,1594.990602189821,WARNING,18.468066912858284,4.662522747498196,0.38949709455184883
69.2486560843511,2.6981173050194776,1733.373493899382,WARNING,29.050305484078653,4.422366252834087,0.4232902305004596
59.967734603971586,1.9650681290989878,2700.0,WARNING,19.516411955900125,3.257447875901097,0.6593406593406593
46.33649322527177,0.7890798552752057,661.644390091949,NORMAL,6.340801101182503,1.1337999193889285,0.1615737216341756
60.50834141095812,2.764395960072236,1695.5442443899085,WARNING,21.628401269837852,4.006539527129144,0.4140523185323342
39.17668888911691,0.715023162014573,842.3440400106865,NORMAL,0.08399574242330532,1.1655114746403896,0.20570062027122993
31.80301516229612,0.9868248004430263,823.6225370917142,NORMAL,-7.318354679254152,1.7023274639481314,0.2011288246866213
29.874771185012644,0.9185715283905933,181.72269919850237,NORMAL,-7.908480031747981,1.367559714762355,0.0443767275210018
32.936102570017056,0.8017776383576073,649.8225152057439,NORMAL,-5.8941647501449275,1.1680693801911162,0.15868681690005956
40.63090340440309,1.0419976478561528,484.18182340997635,NORMAL,-2.3730774404901593,2.057609985422136,0.11823731951403574
33.00383065695207,0.49708906170677325,695.8116407488578,NORMAL,-7.424671861520828,0.7389098479855952,0.16991737258824366
44.9323700935047,1.0031000607029703,673.8863981654915,NORMAL,2.104044998715145,1.6432716803438412,0.164563222995236
40.84361133468239,0.1,1015.2495853668488,NORMAL,3.5211387102398923,0.14461561868517148,0.24792419667078114
44.08594140058704,0.9099921478744354,960.9500510102291,NORMAL,5.818274171098975,1.6260720362550902,0.23466423712093507
37.082316416461715,0.6170469207886117,397.7316252726878,NORMAL,-1.351211144759053,0.893778187502335,0.09712616001775037
33.182642276907075,0.6825205247037349,565.2444225342185,NORMAL,-7.311004987772925,1.2168369436379491,0.13803282601568218
44.61532285649475,0.852841937969971,755.2986011959629,NORMAL,6.399164727348308,1.7061378078995113,0.18444410285615698
41.91435119513432,0.6611463910248299,840.8603921663167,NORMAL,3.447534773348302,1.3233816377117729,0.20533831310532766
61.69309643721504,3.2211051971149485,1575.5383429837289,WARNING,21.93683984324276,5.147003262309653,0.3847468481034747
38.29396967689664,0.6675010569564088,860.2761446127472,NORMAL,-0.4723847786937929,1.32955878404348,0.21007964459407746
42.86902931202529,0.8508508023921281,960.5189682365251,NORMAL,1.5973517603585885,1.5647228182412596,0.23455896660232603
45.567008390179396,0.4455158066698002,643.3969790475264,NORMAL,6.225161468952029,0.6279495865959049,0.15711769940110534
38.636727692311084,0.5710156511412592,747.1235147857435,NORMAL,0.139333009539917,0.9915383388930163,0.18244774475842332
36.33769006639771,0.4705581976525947,701.398292650418,NORMAL,-3.1689159843138155,0.7728077714723042,0.17128163434686644
36.78695079266714,0.3432082006979042,706.0194770368499,NORMAL,-1.998820966472909,0.7312936912271684,0.17241012870252745
33.12751560448444,0.5329400780332568,1148.8950387989673,NORMAL,-6.961571414718065,0.901634072479867,0.28056044903515687
34.9017246453908,0.705176913362134,276.6768393171065,NORMAL,-6.062841350670563,1.003006435495806,0.06756455172578914
35.351441827787916,1.0029039858482451,529.9940639546902,NORMAL,-0.6243762617730564,1.4966278111813018,0.12942467984241518
37.01072459703897,0.9586247334897666,607.0292950385945,NORMAL,-3.4402605274980145,1.5152410943689885,0.14823670208512685
46.601341594660504,0.5917832604144189,709.2285918350456,NORMAL,7.494216466594908,0.9065649793207486,0.17319379531991344
43.55644170014764,0.7083006271774392,874.3154972510538,NORMAL,4.506279053140597,1.3230636801276405,0.21350805793676528
38.42874706740285,0.9518743094129093,779.9986976792107,NORMAL,-0.8176581294791612,1.7299855663425039,0.19047587244913572
59.71066298771833,2.7364887805536884,1446.5597754534194,WARNING,19.194951454541933,4.669356150415928,0.35325025041597546
45.85227148680727,0.2813753990702458,798.9929770743042,NORMAL,6.553034286291733,0.4329571552942742,0.1951142801158252
31.34505275088924,0.731984975448092,877.240063686848,NORMAL,-7.577686000226233,1.2014775820588801,0.21422223777456606
38.13864134320857,0.6565637430722242,453.4883056342171,NORMAL,-1.6273622776520924,1.1394167875098016,0.11074195497783079
43.17971352822295,0.81649979179472,526.8136253692542,NORMAL,2.356282491368698,1.4654234188234065,0.12864801596318784
47.5943281181577,0.8630663033687059,693.4905926790788,NORMAL,7.945836334996008,1.4345995279336834,0.1693505720828031
42.363874287247675,0.7670533224793155,1165.1412095438163,NORMAL,4.29751180507008,1.6399984253289572,0.28452776789836787
64.22529835788188,2.419447087170209,2545.100454726123,WARNING,25.489735208265724,4.040265455301791,0.6215141525582718
31.13114323371824,0.5514369102825974,708.4896098188688,NORMAL,-8.937495788923648,1.0521376527933086,0.17301333573110347
37.25150965395608,0.6932374385437835,602.8107553756017,NORMAL,-1.5719289581626674,1.3945738839744402,0.14720653366925562
39.940847527605904,1.0019320591749084,579.3420240622561,NORMAL,-0.2565947972504009,1.6604062573970664,0.1414754637514667
59.36409807784315,1.887287599386795,2496.212663677369,WARNING,19.0641765889217,3.4509983567946683,0.6095757420457556
37.87461948149589,0.29649185035878284,523.1524106530624,NORMAL,-3.3707261817878242,0.41962762263325804,0.12775394643542426
36.32301593100536,0.6949440345496842,737.165513858609,NORMAL,-3.1507987894346234,1.3296951424687162,0.1800159985002708
40.14821462560248,0.807165532892764,500.32976099587006,NORMAL,0.8094967467960157,1.2474509335699198,0.12218064981584129
39.05851570753167,0.6947635074078915,481.1678265626639,NORMAL,-2.188485163105437,1.1631325980543419,0.11750130074790327
44.250514417622185,0.47464443254625677,927.4821683156118,NORMAL,5.550779875343165,1.043132176897314,0.2264913719940444
32.94055561964386,0.7932333235523762,720.554334272343,NORMAL,-8.194598362517068,1.4373775544223855,0.17595954438885056
50.0,2.0491678502788826,2070.0143386001764,WARNING,9.936580074109575,3.7185348923550654,0.50549800698417
37.86160200938098,0.5346936867006814,1007.615183031317,NORMAL,-2.661323628727356,0.9159375602588707,0.24605987375612137
71.18317629299624,2.5090671308298242,2239.4437972150868,WARNING,32.60352986335275,5.258443251903778,0.5468727221526464
39.41534129926625,0.6381399590387293,733.7958521715354,NORMAL,-0.21480756355425362,1.109716766947425,0.17919312629341524
40.102093793927885,0.7346290803161984,346.8984641568057,NORMAL,-0.23793231059873954,1.2421682575927835,0.08471268965978161
32.157799765843215,0.9904921639542998,490.0889596363842,NORMAL,-8.014088814833912,1.8795922840012234,0.11967984362304863
53.4233372209203,2.643405014753716,2212.397052895207,WARNING,14.275063230285978,5.494534505919261,0.54026790058491
45.703281214737316,0.8529297076888167,414.24626320772376,NORMAL,6.561165462976897,1.5616346713913811,0.10115903863436478
66.41225991173852,1.5,1517.199135873241,WARNING,26.848116562885465,2.4398422617878603,0.3705003994806449
43.52237037021802,1.1087216996353857,695.938323160504,NORMAL,2.9308190855066694,1.5759106127764262,0.16994830846410353
33.93307609526176,0.9503005964766431,1114.6004448971537,NORMAL,-8.691660653733013,1.790930765930622,0.27218570082958576
45.879553859173036,0.931534072472014,746.8251157624558,NORMAL,3.759862235560857,1.7130576174069492,0.18237487564406735
39.07700411413575,0.5305954308125191,727.419670434182,NORMAL,0.6242754248637397,0.8113729115394813,0.1776360611560884
58.9438636407672,2.389274315531654,2573.4056280476825,WARNING,18.3181907918967,4.981695434483294,0.6284262827955268
36.50061382701041,1.0982665601457482,768.9418549048029,NORMAL,-1.8926781140655424,1.879998783068111,0.18777578874354162
36.72809457089753,0.6337751936061745,510.84948467126696,NORMAL,-1.0537661808944865,1.0845273680712542,0.1247495689062923
47.14331917219649,1.1415083182068813,1297.8343212310256,NORMAL,5.37635266913561,1.9658523703696538,0.3169314581760746
40.93214800199735,0.9360413771867346,664.3063723176014,NORMAL,-0.05248948056608849,1.8580401931545785,0.1622237783437366
38.14109992684789,0.7833321230488253,988.935539885545,NORMAL,-3.7715397423680272,1.7059378860070278,0.24149830033835043
37.75804180769529,0.2994273133316599,1068.7833360570946,NORMAL,-1.0666310523605382,0.6271110697678361,0.26099715166229415
44.563439679099275,0.3204297497898352,376.71653677535767,NORMAL,6.707777806975358,0.6361568504826658,0.09199427027481262
34.5909043835469,0.9069360240839559,309.19166486788595,NORMAL,-5.844611556597942,1.6639337934439367,0.07550468006541781
56.489584036982556,2.1071734522382637,1844.2877949033361,WARNING,15.531765522123122,3.703927453937831,0.45037552989092455
41.85762340899883,0.7570279415665561,436.43035348720196,NORMAL,-0.35073129274498793,1.348599734337311,0.10657639889797361
33.51449990166674,0.5275222357792666,722.2155123605021,NORMAL,-6.470730491580198,0.7543526775385605,0.1763652044836391
37.82824362190741,0.7421467117033844,372.8069210972989,NORMAL,-3.2107692056599193,1.2979115554735723,0.09103954117150156
35.07488208650964,0.9619817032276735,562.7858553299657,NORMAL,-6.2651007024133225,1.8075174086410928,0.1374324433040209
37.92190311922125,0.6355176474290751,891.872070506809,NORMAL,-0.3159290653987954,1.3932354382421746,0.21779537741314017
36.65397197267775,0.6917033563413859,593.4353433576439,NORMAL,-3.9802891148084436,1.0307529623782412,0.1449170557649924
56.86920600958178,2.6250743500851454,2673.2111537805017,WARNING,14.475768960327034,4.390458393890516,0.6527988165520151
38.317041379621955,0.590907243900217,1238.5188351709228,NORMAL,-1.867771014568382,0.9756497194038763,0.30244660199534135
40.54701578220631,0.34656722486439473,497.4610866733916,NORMAL,1.6762364477049907,0.49238990777676434,0.12148011884576107
36.537084420143216,1.2814541561521975,880.8740836864162,NORMAL,-5.772672301596716,2.3096072825065646,0.21510966634588918
64.13139883150339,2.235442593034522,1854.965033528711,WARNING,23.498661550279,3.5636746728743076,0.4529829141706254
38.639117671563035,0.5477752153386461,634.810025141721,NORMAL,-0.5717777674063911,1.063888652412078,0.15502076316037142
58.586229963199756,1.6417795987606953,2207.490244232205,WARNING,15.928754984320738,2.5357655338928864,0.5390696567111611
35.812416385874734,0.43771084216227507,861.3274361348135,NORMAL,-3.523474052721949,0.6555675500531043,0.2103363702404917
41.504232011032904,0.43664049839057767,1012.2292681241713,NORMAL,1.495831801983662,0.9528840306755378,0.2471866344625571
58.23915629375579,2.6743327188078982,2273.0605197775594,WARNING,18.256009858359107,4.128634535945049,0.555081934011614
48.25718268548576,0.7779068396625014,385.58136557228244,NORMAL,7.632291888055218,1.1174360188817998,0.094159063631815
41.96039023275835,0.8598675091628091,404.71656503964,NORMAL,3.0264119951611095,1.376878836041358,0.0988318840145641
37.04837541023568,0.653942107264999,712.1391212677337,NORMAL,-3.088549165567824,1.0933624498516348,0.17390454731812788
40.80855154708798,0.47989674875575145,511.93615352040183,NORMAL,1.2913336139040252,0.9918991709953451,0.12501493370461583
72.68626973542573,3.0167311782844246,1861.7097357728715,WARNING,32.3264547373078,5.467564363745735,0.4546299721057073
41.65408385637877,0.3628087496377162,303.0598728809356,NORMAL,1.7798979141627747,0.5437174691746469,0.07400729496481943
45.26200534436989,0.9995132654879386,1261.490635948633,NORMAL,3.507590657647263,1.5968473480408742,0.30805632135497757
34.570487994365664,0.9324010298789404,741.8472051517697,NORMAL,-5.47960901096503,1.6579010657955995,0.1811592686573308
40.264028377038635,0.7954935320373673,933.238210328362,NORMAL,-0.5668428855349219,1.3509772343597095,0.22789699885918485
55.671893862521515,3.033972408832499,2299.3307487702305,WARNING,16.659315108666615,6.436758824996355,0.5614971303468206
41.25732092021797,0.5738198943438486,634.5870947159199,NORMAL,2.3019983819119965,1.2457393130161625,0.15496632349595113
44.40267874461799,0.8694330934396042,1187.18936228429,NORMAL,6.503439923271185,1.5990993765137729,0.28991193218175576
59.45565213009854,1.5784941822673053,1852.442626406625,WARNING,21.46509805043846,3.0383460307202568,0.45236694173543956
38.8382130175363,0.6683370744581182,1135.1609638604355,NORMAL,-0.8510329079491372,1.3967006785132419,0.27720658458130293
43.002855471552536,0.5600322547542668,640.9197593239878,NORMAL,5.570346826374527,0.9481150878211053,0.15651276173967957
36.69224676709747,0.6780539091097201,759.2389261403194,NORMAL,-4.07425866754508,1.1348336976001894,0.18540633116979718
72.0,4.3529650320032145,3778.2606351845075,FAULT,31.05870653474573,6.2077393378566255,0.9226521697642265
32.34743551322188,1.080818427413655,783.7585201461428,NORMAL,-5.620714339902064,1.7581998994973207,0.19139402201371009
56.15707498088824,2.814213444717371,2104.9787335559463,WARNING,17.487738917349915,5.0884866289461215,0.5140363207706828
38.74481272393979,1.0084695503802794,453.42079445329205,NORMAL,-2.2767932774644937,1.8503120100432386,0.11072546873096265
56.14410669167197,1.7598449030383168,2320.3927497957607,WARNING,17.253542854474908,2.574167789327599,0.5666404761406009
36.21417950941182,0.5979849520720373,541.496765863604,NORMAL,-2.0708532281524072,1.2692977038908986,0.13223364245753455
44.729384918565174,0.6934474362758801,266.60222944911885,NORMAL,4.190176259537835,1.4413479832594926,0.06510432953580436
62.30837158550155,2.427152645008479,1823.9697351594962,WARNING,21.99726623739783,3.7835601276323367,0.4454138547398037
43.80474696564165,1.0241332071025866,815.506171907956,NORMAL,3.9209529948492436,2.1664779240183507,0.19914680632672918
49.022181617013004,0.7966564298901465,889.7617748684315,NORMAL,8.749753963721982,1.5054413597182281,0.21728004270291368
62.482283410692666,2.2583295244990627,1709.292606203919,WARNING,23.64768203627783,4.1313693290190345,0.4174096718446689
35.25750686902961,0.5919348054412861,773.3214679180647,NORMAL,-3.1163844897778374,1.049155631809804,0.1888452913108827
45.811020245497645,0.5089499913219013,663.7723370580701,NORMAL,7.771118878331858,0.9809518112434953,0.16209336680294753
36.478289264356206,0.8056319443172759,631.625085336041,NORMAL,-4.560971566211689,1.560904084341052,0.1542430000820613
40.75803796823572,0.6339914365999608,785.6134854402396,NORMAL,-0.728129759555761,1.1003527244227438,0.1918470049915115
37.25678935906901,0.32996646276384217,784.1194573630899,NORMAL,-1.4472978504499092,0.4994965809672874,0.19148216297022952
43.05561775027955,0.8608326032462082,633.6001600860724,NORMAL,1.9633894784861312,1.4150801496798806,0.15472531381833268
60.66713420009001,1.8626365153821989,1976.3049085474006,WARNING,22.383969194185166,3.4010938496515255,0.4826141412814165
43.352561953235835,0.9487389585265728,621.4003242878694,NORMAL,3.759926417699914,1.5073053568444506,0.15174611093720863
41.39341758363527,0.33406789666707193,794.7606400183149,NORMAL,0.3712095566251352,0.5983955895274752,0.19408074237321488
40.19223538323846,0.6749419007235338,762.8636536058399,NORMAL,-0.5146778958254639,1.16601967634948,0.1862914905020366
35.591257366340955,0.7920571518733494,561.9735239391089,NORMAL,-5.688964697887183,1.3309121067474372,0.13723407178000216
57.786416013591875,3.8,2308.6278160596685,WARNING,18.132645104342906,6.376246505820396,0.5637674764492475
58.91537434832957,3.3676012374870825,1958.8335927706419,WARNING,18.486587251477186,4.750345903335568,0.47834764170223243
41.72468667846699,1.0210018739859037,667.7593939902255,NORMAL,-0.4547169801351174,1.5530037130833292,0.16306700707942015
55.429991471372006,2.7981253008289095,1621.259642063355,WARNING,16.653088325206163,5.310467625457338,0.39591200050387176
40.95105008929595,0.7441929519905531,586.1699608135077,NORMAL,3.574658445761158,1.3775796951090304,0.14314284757350615
79.2061360593848,4.410048905581992,3513.0699575181175,FAULT,41.55002238670422,7.213218785756027,0.8578925415184658
38.93959938862187,0.4802757718275759,697.3814563307941,NORMAL,-2.73752628557261,0.9484629197452126,0.17030072193670184
37.2552245190213,0.4951094683677478,506.14194553822676,NORMAL,-3.371858159394967,1.0596500562808044,0.12359998670042167
43.45388636457822,0.6956517065320478,917.7206504479714,NORMAL,5.0690752132654175,0.987669767532791,0.22410760694700155
44.65764806693983,0.5575843839190616,841.8404507275538,NORMAL,1.9091622252075338,1.0889123582383353,0.20557764364531228
38.041900946401995,0.7254771746951394,475.73043098802896,NORMAL,-3.444003463310751,1.508900290800667,0.1161734874207641
35.013392656120494,0.5456727546398049,752.9388619827474,NORMAL,-4.277540274163244,1.1720023825933905,0.18386785396404087
44.43883034286732,0.7285807529697728,570.3012548631305,NORMAL,4.292003662618438,1.4336282061223928,0.13926770570528216
73.0,1.7471884765050403,2036.4108473796748,WARNING,35.186197957578194,3.097483671069353,0.4972920262221428
28.18567945773876,0.6889393368664193,460.27325338483706,NORMAL,-12.781920487420335,1.1489817552728292,0.11239884087541809
39.506200970666434,0.88883915131201,796.4472090554029,NORMAL,1.3759957704205563,1.3745278112261798,0.19449260294393234
38.26954983068403,0.7313590767909698,347.2786993623338,NORMAL,-3.170041686767736,1.3315148029552113,0.0848055431898251
42.17098834046598,0.45314168463196414,751.5690378862231,NORMAL,3.5687872876417797,0.7637528765323276,0.18353334258515827
71.96798570680062,1.7429257469945398,1658.4600001183662,WARNING,34.824838332804745,2.7609555036687787,0.40499633702524207
72.82564471970007,2.3601376822878977,2308.577840372955,WARNING,34.981444428244274,4.628380311364145,0.563755272374348
36.20082455703668,1.1163640003101005,503.02720092458685,NORMAL,-4.20663130442954,1.8323609665396376,0.12283936530514941
39.03692507102955,1.209547536689928,482.5969834809611,NORMAL,-1.2767161641451212,1.7035401483863213,0.11785030121635193
39.28974636435409,0.44608448391624916,1038.7759265231593,NORMAL,-0.35388279428285635,0.8620865186150733,0.25366933492629046
40.22745040315549,1.2008964786532725,679.7917727672195,NORMAL,-0.8635807769107571,2.615818065729964,0.16600531691507192
57.22289741784753,2.0948142367898046,1595.2593852286054,WARNING,18.440314177257015,3.4651478843606793,0.38956273143555686
46.15935894311985,0.9675138772076126,892.3243721561747,NORMAL,5.861028687872263,1.887295815838346,0.21790582958636745
41.45437193712462,0.712715203837211,910.8020508656053,NORMAL,1.481173330278172,1.5080711348106428,0.22241808323946408
43.15244015244959,0.9158698139865792,969.0981392723386,NORMAL,2.5319605413147013,1.7884953685775344,0.23665400226430736
36.55565508076539,0.518269506991377,816.0774180171318,NORMAL,-5.756006938579949,0.9555228235620193,0.19928630476608836
38.62106993066912,0.4833468144888178,855.2182994231706,NORMAL,-0.6180609285145813,1.0507071667015428,0.20884451756365582
42.046775124628205,0.6826202736966485,519.8944416102745,NORMAL,0.6659980719117262,1.4610029754389864,0.12695834959957863
33.39698710105174,0.93586642381846,705.9149792805964,NORMAL,-9.649451207199055,1.951721268168227,0.17238461032493196
29.47535785210519,0.46589539294439397,996.3970858027104,NORMAL,-8.660062675012155,0.9806172498304551,0.24332041167343355
40.17451282031002,0.786298670342426,751.3701787051756,NORMAL,1.5715101743494604,1.405021021895714,0.183484781124585
95.88271037446768,4.5485925818160275,2700.0,FAULT,57.097467779259944,8.366767336106303,0.6593406593406593
45.346579847121745,0.5763600533256068,652.5823080970671,NORMAL,5.166068636884088,0.8727957679745177,0.1593607589980628
44.454583752393454,0.4920216442501745,946.5464989890645,NORMAL,3.7047385858748516,0.7015731460009553,0.23114688620001575
41.36367368581397,0.7170336342157406,859.0223971064208,NORMAL,2.844472488676934,1.4789551617264869,0.20977347914686711
38.85982730857042,0.7893183071009642,546.2671780110869,NORMAL,2.2570187530876495,1.286119193719708,0.13339857826888568
42.74821297900193,1.008020044438115,432.02548985698553,NORMAL,3.9444483528488865,1.7153504633238088,0.105500730123806
65.62060706881074,1.7528056455747965,1851.9137617618458,WARNING,23.858681029848686,2.6659641775994394,0.45223779286003557
37.2553979333889,0.48344337815044136,927.6216151322541,NORMAL,-2.113947574719595,0.808365525537736,0.2265254249407214
41.27588760698345,0.9455160610483745,750.7721559029544,NORMAL,-0.24140057043796714,1.5651540313261318,0.18333874381024529
38.834539695077936,1.182990532546548,481.42115826422116,NORMAL,-0.41163476338169014,2.462527260816572,0.11756316441128722
37.42879804644465,0.455787920202597,444.97890977333157,NORMAL,-2.8444766305155396,0.9725336582024348,0.108663958430606
42.826982820194026,0.7801539669214806,257.79147554666025,NORMAL,2.9221614962098883,1.1141626176561903,0.06295274128123571
62.28786316125399,2.177443688138655,2282.2781745518523,WARNING,23.164910274854343,4.700863167190943,0.5573328875584499
66.66283365209468,1.8845942220491514,2632.1402897517573,WARNING,26.45212652181589,3.8832124336177203,0.6427693015266807
72.36057971270836,4.713413021576946,3465.3918149296364,FAULT,31.67344713675793,9.988816288319601,0.8462495274553447
39.56738856808932,0.9894974860236263,697.1006982930928,NORMAL,-0.13576259505468463,1.443586465902537,0.170232160755334
54.098660711582745,2.315552627292506,1712.3248123478147,WARNING,12.369179016883095,3.8014800271966394,0.4181501373254737
37.34662720113188,0.8317011799187414,594.3308075049699,NORMAL,-5.604935114673756,1.6357371587049048,0.145135728328442
79.52366353017722,4.881429119301527,4009.1968628114,FAULT,37.75245122378723,9.212107383981307,0.9790468529453968
44.48029156704974,1.0632211854937306,598.5042179793209,NORMAL,3.9151815571857655,1.7017517076122035,0.14615487618542633
40.071525453565684,0.870644358055622,694.9057862672586,NORMAL,-3.1823996028434225,1.38122587577715,0.16969616270262725
55.086243962063364,2.3838131643057476,1889.6335380363594,WARNING,14.78056319542131,3.889960807340698,0.4614489714374504
47.58486839123306,0.2383444482333753,755.7960562947594,NORMAL,7.846966104324813,0.40294389664849534,0.18456558151276176
45.04325478154218,0.7156558573588967,1089.8644946560885,NORMAL,3.5742869174227727,1.3894041884606256,0.26614517574019253
40.620279482233244,0.6199370721664801,628.0284079660496,NORMAL,4.602700424805047,0.9686366396798455,0.1533646905899999
36.81153930593379,1.131499729215667,193.567655998419,NORMAL,-2.1572684365700994,1.7930422666836756,0.04726926886408279
36.94387329847588,1.0330939446143668,596.8320313470542,NORMAL,-2.758095664130886,1.4932000999229795,0.14574652780147845
36.1370813381378,0.8869809895629263,646.3518772335661,NORMAL,-5.395965335812253,1.8070769872380936,0.1578392862597231
45.34959299463676,0.5705272770466092,662.9850646043711,NORMAL,6.566694098119674,1.2059822029870289,0.1619011146775021
73.0,2.210012800613865,1206.607475172801,WARNING,33.06597219487711,3.184782930536875,0.2946538400910381
59.90674468127424,2.6783655683173375,2397.443030840628,WARNING,17.69195848327416,4.5741176524411875,0.5854561735874549
28.819155789914447,0.647689595814495,850.9733773655405,NORMAL,-10.384796216606128,1.0205390109795391,0.20780790656057155
37.23873525157536,1.1819970028203732,606.7442071533513,NORMAL,-2.59226592790748,2.1616344633596287,0.14816708355393196
65.2729107551184,2.694106555780425,1869.2518942787513,WARNING,22.984596114947628,5.865824235585633,0.4564717690546401
41.61288368998602,0.3641390227768813,930.5015178751077,NORMAL,0.26540612241982675,0.7574299654762208,0.22722869789379918
58.26811904181369,2.638865667418477,2289.748508202039,WARNING,18.03602359213722,5.327373851107686,0.5591571448600827
41.89700306039068,0.5309183153436284,689.6575240129262,NORMAL,2.4000387786139186,0.8037983523058517,0.16841453577849236
61.43325333027473,2.7503710815145554,1814.8010519494132,WARNING,20.51437549064563,5.335132323274258,0.4431748600609068
39.48544692868665,0.9063575815526252,894.6490152196279,NORMAL,-0.3755714397095687,1.582439274840419,0.21847350799014112
40.77145025275936,0.5847921833474764,716.8444152741205,NORMAL,0.0680358759878612,1.2221013303047306,0.1750535812635215
36.07140300616245,1.0368768807694668,812.7989950367519,NORMAL,-4.962785514457952,1.8214795666338368,0.19848571307368787
32.409460123681704,0.618472684219725,929.041322821477,NORMAL,-8.455979392691063,1.2944972792106546,0.2268721179051226
43.52489740186553,0.7902222917063619,567.1698592152936,NORMAL,0.10958172334724203,1.2478772417214867,0.13850301812339283
72.13153835789983,1.8900817092518505,1200.0,WARNING,33.73475744033657,3.1704059640377684,0.29304029304029305
62.45961748710854,2.103093528055207,2002.1080264509974,WARNING,21.414487777916527,3.4620328777526597,0.4889152689746025
37.145209565712854,1.0309707191907616,681.9038613453556,NORMAL,-3.392337220908496,1.9413324310297515,0.1665210894616253
60.201668743523214,2.5078161965327577,1836.0727202313738,WARNING,19.719621481206485,4.0362827852354135,0.4483694066499081
47.60083221103266,0.9179182694206709,581.167708003924,NORMAL,6.57092210135758,1.7757516551375563,0.14192129621585445
40.576493611053955,0.47988447618778113,894.8850445779126,NORMAL,0.335766514124731,0.7121365595294431,0.21853114641707266
35.16127802150261,0.9205592542007155,656.9390122958537,NORMAL,-4.443361437107366,1.4177865914965477,0.1604246672273147
41.30636276567687,0.924730308795598,533.5871288517984,NORMAL,2.347476840095072,1.620083471735722,0.13030210716771634
41.50397719683525,1.1298677741702468,669.9982587483087,NORMAL,3.8021563709487474,2.275818626563008,0.16361373840007537
37.73215411906236,0.3382210742597138,649.9083860745183,NORMAL,-2.3798277201150952,0.5434934891833574,0.15870778658718396
44.03654093105364,0.2801311890223998,1018.6058814168699,NORMAL,4.473773623137262,0.5826814523856698,0.24874380498580462
63.08841209128873,2.3802808909608397,2102.8700781319453,WARNING,23.508963178106747,5.008340631104697,0.5135213866012076
39.27993326259854,0.9113259412059104,566.9876475698585,NORMAL,-2.0528611758067106,1.8728151676732347,0.13845852199508143
57.77950234593594,1.9695695980494836,1200.0,WARNING,17.976320721215686,3.5481097598305165,0.29304029304029305
35.13721838216267,0.9046792025217809,259.5161948448514,NORMAL,-4.19750879019639,1.3668161002730708,0.06337391815503086
76.61655025104885,4.92436202095438,3646.7183326179124,FAULT,38.03357450436126,9.87820747790392,0.8905295073548015
38.37882325879737,1.279283349124753,719.844974032787,NORMAL,0.50312007410378,2.0787020794670714,0.17578631844512504
48.49029496123625,0.6955191236046495,793.422686514909,NORMAL,7.57916097440622,1.3894604564533988,0.19375401380095456
40.32903141231416,0.5191462008447199,859.026298504911,NORMAL,-0.09458864009042112,0.9469444471954352,0.20977443186933112
65.79378328591392,2.656327570289111,2299.843632364501,WARNING,25.818957826349397,4.108555170853182,0.5616223766457877
37.829167398742044,0.893655357230292,589.1206926203369,NORMAL,0.3667301120335478,1.8124396828096196,0.14386341700130326
51.71400327998117,1.5,2700.0,WARNING,12.969951355484813,2.5834340421415907,0.6593406593406593
36.295931133538005,0.7769574705671528,621.1093309838084,NORMAL,-5.697401369734135,1.6822282243072633,0.1516750503012963
39.10993692837738,0.9009773174181956,363.7381061864521,NORMAL,-0.39635224392198387,1.5056361642765432,0.08882493435566596
41.93093199587428,0.8364751872589844,631.6754281943952,NORMAL,1.522237659459013,1.4229585262529707,0.15425529382036512
82.60428660801038,5.9544856945852835,3113.121122745357,FAULT,39.32981637986974,9.136961304413484,0.7602249383993546
43.51655058903365,0.37891792198984064,489.7962992949435,NORMAL,3.7936788891998163,0.6233663030943298,0.11960837589620109
45.44766328607226,0.7098005007307305,759.3195580932752,NORMAL,3.466345982107736,1.1742492375139733,0.1854260215123993
45.80534178823242,0.47682768125564645,1232.4513195218237,NORMAL,5.428643140842103,0.6973488261732034,0.3009649131921425
34.008494276496066,0.38090017603706033,882.1244654853077,NORMAL,-4.474390989377587,0.5684133136992513,0.21541500988652204
38.528021499051775,0.5787947429101215,864.0038615725482,NORMAL,-1.541730171235795,1.0419550890426292,0.21098995398597026
72.10367154378115,3.959091118286146,3818.7060666924717,FAULT,32.35569003241618,8.009519974707437,0.9325289540152556
50.74907100568552,1.7153747196734472,2285.3530654816336,WARNING,8.959554538857006,3.010377836727502,0.5580837766743916
43.86022963669252,0.8664059535026916,628.6627944974342,NORMAL,3.668490287257371,1.4706480234598585,0.15351960793588137
43.68684287948121,1.163943288368542,896.3250868379092,NORMAL,3.864582548968834,2.272786353159067,0.2188828050886225
37.51215608475502,0.386597752213107,579.2351412597927,NORMAL,-2.7795375429377964,0.8351090895164907,0.14144936294500432
38.260178310325365,1.0789318651992728,498.18444573389695,NORMAL,-1.364524752014098,1.9197428661436602,0.12165676330498094
66.61387315179925,2.1802277271538357,1791.4027213572429,WARNING,24.77428113466516,3.2176485672929673,0.4374609820164207
45.31107234461391,0.4411453385449166,603.4058327137116,NORMAL,5.252236932723906,0.729535516752423,0.14735185170054008
36.665962456017404,0.9350496198466381,352.8778866878192,NORMAL,-3.410338653225883,1.4294746087604266,0.08617286610203155
48.043454840110265,0.9033187477641264,333.1338635322447,NORMAL,6.657017048845915,1.339996890380573,0.08135137082594497
33.028124436434055,1.2315619769802149,286.3521340436754,NORMAL,-7.539660989337512,2.67497246394336,0.0699272610607266
40.797060020457394,0.8784535306160146,714.9637279821796,NORMAL,0.4641107860448816,1.8916517153814443,0.17459431696756525
41.76135791035736,1.1205408641770955,458.69506350396694,NORMAL,1.1042196298245006,1.6807597283919413,0.11201344652111525
64.63246856886339,2.7350193425724294,2192.7035179433647,WARNING,24.748629093573143,4.954533273313809,0.5354587345405042
33.63214881593878,0.8863347254801797,569.6263439340879,NORMAL,-4.069441570180443,1.7997991092455352,0.13910289229159656
37.604385273428235,1.2092171259316493,722.5063085049277,NORMAL,-2.5136287261699364,2.226955533403694,0.1764362169731203
49.31463792552614,0.764427201689246,495.81312837268257,NORMAL,8.07401058891857,1.4062871585155379,0.12107768702629611
33.81323393656073,1.0815420148979997,858.8639848849706,NORMAL,-4.53019875564495,2.1069410200130254,0.20973479484370466
35.97316740967192,0.8157397637922864,858.4550050812829,NORMAL,-3.7005562413103466,1.3776212271788169,0.20963492187577118
37.06692024573893,0.32802831749208305,565.9928785299867,NORMAL,-5.373102317484374,0.5087222083864522,0.1382155991526219
52.44274192744209,2.645351600631347,1457.2527295671555,WARNING,13.671190749666007,5.626787868433071,0.3558614724217718
35.66752398120195,0.9594838067983805,1017.7339137481054,NORMAL,-8.13130780632084,1.8454057787869682,0.2485308702681576
36.33775559444112,0.5058555588555588,436.7449444601835,NORMAL,-2.5040501326302063,0.9368984767395901,0.1066532220903989
40.7121279250647,0.6621483166591251,883.5972008145455,NORMAL,0.9698408243566456,1.2784954843269936,0.21577465221356423
45.15557229460871,1.0864422950287516,388.0814114757601,NORMAL,6.063957050323706,2.2568617346951627,0.09476957545195606
49.241899754417226,0.798273532057188,1043.7678685164115,NORMAL,10.177791943093851,1.474149931089424,0.25488836838007606
46.102844568572635,0.4883431097848875,770.1863070786419,NORMAL,6.898235206631054,0.9641715943855476,0.1880796842682886
38.721903147347014,0.6739784268627474,626.5346495060362,NORMAL,-0.3155144515974224,1.415838675570703,0.15299991440928845
37.55110109793296,0.46176426206274473,603.1462585151887,NORMAL,-0.3230835442737261,0.8025626042581722,0.1472884636178727
39.151280911004356,0.9060336136986271,687.0045944000321,NORMAL,2.57380520080577,1.7591750857517072,0.16776668971917758
36.62265283106784,0.8019958729454182,585.5553025434623,NORMAL,-4.413522342334398,1.749401180319942,0.14299274787386138
36.651764261782375,0.4751961773520744,628.9172763263239,NORMAL,-3.48783618390625,0.86001483828402,0.15358175246064076
36.70219955863852,1.2412223513348226,360.96782845187636,NORMAL,-5.577193283997231,2.5028208174147903,0.08814843185638006
39.01381815797858,0.3616054561199825,510.6696386613263,NORMAL,-2.7107235593783576,0.7468449742095568,0.12470565046674635
59.63536829852887,1.5,1337.6994658951903,WARNING,20.392152475954838,2.5632380414845066,0.32666653623814174
74.95110900808262,3.8,3221.338601343862,FAULT,37.04120642984635,7.831134308136299,0.7866516730998442
37.85543685571911,0.5966682052345991,1114.2341081450188,NORMAL,-2.113073718837057,1.062831828132369,0.2720962413052549
42.768131976694924,0.7032167328760928,877.5427684353695,NORMAL,0.9524532570200162,1.510799691144041,0.21429615834807555
45.340801936645406,0.8721635897494878,414.10936420290585,NORMAL,4.834867834362248,1.6077492248563376,0.10112560786395747
60.72651697395767,3.5660980204904775,1911.0812542388012,WARNING,20.313777526143213,6.069372843280725,0.4666865089716242
39.357741228332785,0.7864648653459356,601.9843413538473,NORMAL,-2.5183295777339545,1.6282749483145562,0.14700472316333268
38.542466437173175,0.3900660730801623,820.1471441661605,NORMAL,-2.6092625661266173,0.554559482776407,0.20028013288550928
33.74405063263402,0.8509257626741942,829.4054097665351,NORMAL,-4.905895517619178,1.2255482250328023,0.20254100360599148
75.98228640422836,5.748080493834687,2700.0,FAULT,32.865924759578974,8.521874924581773,0.6593406593406593
53.900751065381826,2.3451302799004514,2109.7782575875617,WARNING,16.076027381619365,4.333370957490136,0.5152083657112483
38.40521505450202,0.5011930387053384,370.5543556277214,NORMAL,-2.1761177088940618,0.71168250258697,0.09048946413375371
40.25110962382035,1.07771900242467,824.7670252404134,NORMAL,-0.7081482345924561,1.7237131816791198,0.20140830897201792
68.12279465450072,1.8416520401778396,1200.0,WARNING,29.29051372252299,4.034365672402555,0.29304029304029305
35.09996676348759,0.865401348307692,424.4884847470155,NORMAL,-4.1655637393175855,1.8082583930914693,0.10366019163541282
47.979605858052246,0.7094233667410507,732.642872011272,NORMAL,5.077307444646431,1.5176057428865606,0.17891156825672086
40.34820374742678,1.0163457366091238,722.1007835499333,NORMAL,-0.32528265458772376,1.9305192374984452,0.17633718768008141
50.07971847025469,2.4212712385655464,2540.114892471138,WARNING,8.559130942531379,4.325832215417006,0.6202966770381289
57.73104133335099,2.287083459749653,1257.5007010548634,WARNING,16.55720703121434,3.8679655905348826,0.3070819782795759
46.33214649332923,0.7864292136444445,729.3680748387849,NORMAL,5.4786117773604905,1.2794440323995981,0.17811186198749326
45.53133328797361,1.2174522285202927,529.4931002007023,NORMAL,4.134066993246548,2.4020292745116,0.12930234437135588
43.76016834133641,0.6128954143072081,846.8570111403693,NORMAL,-0.20496910413771108,1.204032963033904,0.2068026889231671
44.17529373405618,0.5509258839273737,849.9863104566746,NORMAL,3.8403365431003373,1.0415684959598546,0.2075668645803845
40.82978487237089,0.7828723140986547,668.346719807425,NORMAL,-2.0813122474100285,1.1923767606282076,0.16321043218740536
41.52257587713022,0.6376213322950766,507.67029520233115,NORMAL,0.8358288037041222,1.0843551738657604,0.12397321006161932
38.29369141896707,0.8884436518926444,923.0064672015473,NORMAL,-0.4074402489996136,1.9126450481436372,0.22539840468902253
43.56132317735259,1.0832002356057333,502.2633256492252,NORMAL,2.913167213623083,2.132045043180408,0.12265282677636756
38.019220387951506,0.7288676223417312,558.1047306906894,NORMAL,-3.015489523791909,1.275685375880815,0.13628931152397789
86.74311436891487,4.986882629968591,3480.5263755605206,FAULT,45.63159256902749,9.996386908140078,0.84994539085727
53.95097111509368,2.5969549335030004,2133.3613752980336,WARNING,14.28202857790869,3.9926265326449513,0.5209673688151486
41.390168560114354,0.4911178956447623,1300.0,NORMAL,1.4144816741673902,0.9578584812727988,0.31746031746031744
41.69294525499901,0.8364616904797708,100.0,NORMAL,0.6577709233001108,1.4392019044714004,0.02442002442002442
41.4827828364327,0.9248321386070607,577.4966432940611,NORMAL,-0.45833776206615773,1.3228384190255231,0.14102482131723104
38.625612267170325,0.6584795762753398,361.40551302679586,NORMAL,-2.7358880412760014,1.3400369103038832,0.08825531453645809
65.70685439947393,1.9921613905300513,1651.3983718770392,WARNING,26.108083850993108,3.0054903870321956,0.40327188568425865
38.827925440410645,0.27864208603206675,998.095109819746,NORMAL,-0.6773106192221274,0.5153322637761394,0.24373506955305152
42.371736489359,0.3225847744599287,964.7024274539298,NORMAL,-0.36803776184885084,0.5700050324016771,0.23558056836481803
57.920322164212834,2.190638721507597,1969.1767967904925,WARNING,18.349883513991863,3.641235905041906,0.48087345464969294
30.84666818911098,0.9527862611640374,783.572433157656,NORMAL,-7.951805903251451,1.5387051661989581,0.1913485795256791
63.969771011217865,2.364376383165755,2421.056401138372,WARNING,24.806666976025,4.176575395840215,0.5912225643805549
62.74364404916528,2.2718526753816786,1640.3572102360547,WARNING,21.3299348554293,4.857995483389982,0.40057563131527585
30.38142135151437,0.6744760810576731,897.6380795197755,NORMAL,-10.97117808994176,1.055612779143288,0.2192034382221674
65.53201919092213,2.2350470188689577,1863.4907653328164,WARNING,27.810112231180945,4.801407202189148,0.4550648999591737
50.0,1.9276029094741594,2433.2702203981994,WARNING,10.435432953108906,2.700438011863672,0.5942051820264224
34.43735344877617,1.3869674459089387,843.3099233148428,NORMAL,-7.200902088782905,2.809692784815936,0.20593648920997382
34.10531522983287,0.799195023175361,684.5163236368535,NORMAL,-3.9627343792486958,1.7143438366535835,0.167159053391173
70.5559564100584,2.648349232045423,1422.9947706085204,WARNING,28.893461042917366,5.4526996922993805,0.3474956704782712
43.20109340209923,0.7239755701208462,641.0073403625878,NORMAL,3.640323599806598,1.2285045934596495,0.156534149050693
31.211501939310082,0.5407291530420101,663.3200360549815,NORMAL,-7.8727115286286775,0.8540408566834542,0.1619829147875413
44.354489033947,0.817368170840099,330.05819323962623,NORMAL,6.226837115155662,1.4099043171318195,0.08060029138940812
66.23470594437711,2.780088225143872,1804.2346221008254,WARNING,27.02173080743651,5.891017025825955,0.44059453531155685
39.865387047158634,1.0380890077060818,877.0456993609716,NORMAL,0.5323190541210208,1.807982080829081,0.21417477395872322
55.6150445887937,2.9609814034244692,1971.5119542223765,WARNING,16.315975228834382,4.63898212816648,0.481443700664805
43.82527422998509,0.9968571124393933,372.6089031725664,NORMAL,3.2741457680408312,2.0927888520529754,0.09099118514592586
45.9561622853255,0.8739322288809187,770.5833877096933,NORMAL,6.8985778219029,1.9095847152182897,0.18817665145535856
45.1195275249627,0.34757622897063334,1215.7267990051707,NORMAL,7.438866535820177,0.7546380550599453,0.2968807811978439
45.22928664016685,0.9952517138924372,832.6275718588585,NORMAL,4.988778419278721,2.019355666235075,0.20332785637578962
41.948905079718465,1.1310116499497025,349.6772371845831,NORMAL,0.555130915367839,2.0446538874802482,0.0853912667117419
40.67538836242349,0.7779814046392162,726.2602601991414,NORMAL,2.961588530133658,1.1590349358537833,0.17735293289356321
44.09880304805095,0.7718030843170886,1066.7456731056654,NORMAL,2.8522428470503454,1.0808915343743362,0.2604995538719574
89.86206745553724,5.426517852804155,2700.0,FAULT,49.7564907790832,10.270816357511071,0.6593406593406593
45.36314873116891,0.6423350388477577,878.7655278202748,NORMAL,2.6360818480282022,1.041163115715288,0.2145947564884676
37.75166199168513,0.7145413785478655,863.9724729281531,NORMAL,-0.61233441535012,1.2288857007719964,0.21098228887134388
37.63322514964605,0.7001681037848193,721.3381042230858,NORMAL,1.3623526807721373,1.5209144032076127,0.17615094120221875
41.536921093137074,1.0818712385039093,1071.3769929961582,NORMAL,3.6790383386852517,2.0015529029686614,0.26163052332018516
42.13073319845155,0.8441722852501804,749.6791737081428,NORMAL,1.983008263166155,1.3720528575634752,0.18307183729136575
55.59727894063914,2.7529120114324006,2502.905908601696,WARNING,17.920099839890728,5.923782711369325,0.6112102340907682
44.798531856737554,0.6618259956482446,865.520692182079,NORMAL,5.682168907939179,1.074551427227517,0.21136036439122807
31.030555395368815,0.7538929457539696,1086.3652757316756,NORMAL,-7.812123167592468,1.4701018679479345,0.26529066562434084
68.84616104806979,2.6187627250855288,2289.817256155608,WARNING,30.01085624304797,5.237906098900514,0.5591739331271326
81.36859250263947,5.053868753582182,3384.021491872076,FAULT,41.28719258937807,10.726718014803385,0.8263788746940356
30.789840807974613,0.6218734885899043,718.6221750906279,NORMAL,-6.278273412423646,1.0135515199048128,0.17548771064484198
75.75309356763587,4.547793221446957,3361.843468674283,FAULT,31.641264078262907,7.905712849582425,0.820962996013256
45.08195634270538,1.0522407050018439,1068.6819613354487,NORMAL,3.3483989491747104,1.5283162606044483,0.2609723959305125
41.23989942373769,0.9014925595450097,460.7188306329734,NORMAL,-0.5883804192668534,1.7593032599732894,0.11250765094822304
59.13459754126204,1.7086315095175024,1875.4467596053437,WARNING,18.110444746791302,3.2113896958855226,0.4579845566801816
37.93121559309969,0.8729892819491415,872.925939350846,NORMAL,-3.5467113991914414,1.4989341487383077,0.21316872755820415
42.1793788527372,0.69334673133435,1037.663672913443,NORMAL,2.204903466425184,1.422882411219821,0.2533977223231851
37.350055678927426,0.8071801849838591,959.785718185806,NORMAL,-4.3129074179187565,1.6308975339274994,0.23437990676088058
41.42301514906778,0.5714743509067701,907.3617532404899,NORMAL,3.5425979991209258,0.9891158797507706,0.22157796171928934
31.972951279920174,0.567212015584648,799.8025554725339,NORMAL,-9.851507050230119,0.8040023437996275,0.19531197935837213
41.22013469070247,1.188227401460865,859.9256065080021,NORMAL,4.248205630084712,1.8516942801318157,0.20999404310329722
38.258709405803096,0.4670108665096795,800.4905870312841,NORMAL,-3.3449950763657643,0.8814728488758891,0.1954799968330364
35.96150329901424,0.9444907829795899,790.9089817608443,NORMAL,-4.185091275782909,1.423240286382188,0.19314016648616467
35.66629798867449,0.7880849382184858,583.9031036735742,NORMAL,-3.327245603442842,1.6351285241422149,0.14258928050636732
43.86422697836454,0.21885617881402608,690.3655240832798,NORMAL,4.037038653721036,0.42833853779847536,0.16858742956856648
56.304740465925015,1.5024968561198784,1725.3239460891607,WARNING,17.677682433278058,2.140090383884605,0.421324528959502
69.9026687771868,2.776684615643692,1600.4639736927907,WARNING,31.47777922888285,5.323715414886219,0.3908336932094727
40.88596164599494,0.8826203534203791,676.7466472063917,NORMAL,-0.2175572887192514,1.5003983286793838,0.16526169650949735
45.65575952652995,0.8843112152634661,956.0370369158022,NORMAL,5.910317440434062,1.3713266468954957,0.2334644778793168
35.1284607518954,0.8924601286131213,321.671741159141,NORMAL,-7.595969824608057,1.2994629332085859,0.07855231774337998
41.39971785628461,0.7057025549520313,495.9193918836953,NORMAL,0.008027289209233013,1.4820526566086443,0.12110363660163499
35.7956069143007,0.7730175661801086,739.0707810808092,NORMAL,-4.619037053143138,1.1770530417590708,0.1804812652211988
67.42880552464008,2.6652475607203474,1691.5742138540215,WARNING,26.71063321501333,5.553936992996218,0.41308283610598817
36.32391521949962,0.9835251551019959,820.3552089130901,NORMAL,-1.6408697885840606,1.9639419073932882,0.20033094234751894
37.00947334329587,0.9965626431974566,821.7708450621134,NORMAL,-0.9887296452438497,2.177110778836955,0.20067664104080912
72.72308166919825,5.242642546597861,3267.4578877073136,FAULT,31.283939758859702,8.12829142210273,0.79791401409214
57.13185721927465,2.8454269010746445,2215.6040107896406,WARNING,18.098041245637162,4.401287508791384,0.5410510404858707
43.32826718956166,0.9559741106523112,596.7860978023128,NORMAL,3.1596036744677862,1.6289786752513205,0.1457353108186356
41.23642015118809,0.6136861480580247,334.01374390261145,NORMAL,-0.449251865209201,1.0039248269559375,0.08156623782725554
42.08061907238813,0.6174571227068074,585.3364555725668,NORMAL,0.8591162204234593,1.1249837114276027,0.1429393053901262
37.32776395979151,0.9964583113961365,1077.2958252062333,NORMAL,-5.1156931726104276,1.7220450443652096,0.26307590359126576
67.87298625041726,2.0116526266017667,2067.7660838276756,WARNING,27.62942581849588,3.486410222079988,0.504948982619701
46.58302797931776,0.7393367575384555,753.8960501508416,NORMAL,6.482369424917216,1.284785378045631,0.18410159954843505
29.38850558478704,0.4306223491092619,537.1829314908208,NORMAL,-11.254779976749687,0.9205962272618572,0.13118020305026148
40.29268877347512,0.7964946471888972,588.4011761032897,NORMAL,-0.4832802452353997,1.4540166112989423,0.14368771089213422
43.44111355551142,0.8847008184064453,1071.7847563321316,NORMAL,2.1410840141824634,1.9049087482276894,0.2617300992264058
55.8463117254053,2.7997106175611597,2049.6650921139158,WARNING,20.340608268804107,5.121813881566779,0.5005287160229343
47.25584411400238,0.808517726554057,721.5457611637835,NORMAL,8.585947515237415,1.2744384727605127,0.176201651077847
61.08975649158128,2.138985218772254,1637.5379802707623,WARNING,21.18147524460995,3.7336459808157314,0.39988717466929485
67.53583288308292,1.5,2215.4373656732114,WARNING,26.1170516845693,2.815975717423222,0.541010345707744
40.80728181703818,0.5196790758193643,847.2655952644416,NORMAL,-0.1092562107559163,0.8361390178826554,0.2069024652660419
43.43402203397339,0.9893946871242847,698.5047397388405,NORMAL,6.494497072156669,1.5389415955384247,0.17057502801925287
30.52412203460341,0.6178998112663919,668.9322160716972,NORMAL,-8.441107971469494,1.0022792761788415,0.16335341051811897
45.75102771273316,0.5365137951926839,834.1487198244045,NORMAL,5.880255284254414,0.9339143695652666,0.20369932108044064
27.807697179774884,0.7420414955966121,906.1464576193193,NORMAL,-12.929809505746741,1.478651568742475,0.22128118623182402
31.22299077724597,1.0127396681354635,357.8909154924492,NORMAL,-10.259613202254581,2.0621239334978805,0.08739704896030506
41.57135997253434,0.7427635137558153,1008.9815878507502,NORMAL,2.387854697945012,1.2416582170938206,0.24639355014670333
48.77443090990555,0.8404538367455585,860.8747218429353,NORMAL,7.7598081228281846,1.6411188629606432,0.2102258172998621
43.25077450483501,1.0646751101920011,812.2622607395442,NORMAL,4.3948780094443665,2.1709158844131804,0.19835464242723913
44.779161775835824,0.8025843825334524,446.5594584734635,NORMAL,3.4681782100812404,1.6524647633405767,0.1090499288091486
61.24864487215988,2.4865963334912724,1835.5181925234358,WARNING,21.148274740837127,3.8768222589478087,0.44823399084821386
71.04308890396017,2.1148663889245958,2172.4957951464694,WARNING,31.378294898217376,4.028728082047767,0.5305240036987715
30.648012606263997,0.8419263735927692,621.082191667428,NORMAL,-8.394451805603675,1.6858683507780878,0.1516684228736088
43.72409656197558,1.1108879410879364,832.5582641735282,NORMAL,4.977214014151006,1.5671151990927181,0.20331093142210702
34.06537306735295,0.513540829792429,749.5897652461733,NORMAL,-6.802583372838255,1.0955003938148347,0.18305000372311925
47.453660140753996,0.8703217648530212,330.00797854226914,NORMAL,4.773896895949097,1.457304612021426,0.08058802894805107
73.0,3.3651198823352932,2273.744846981751,WARNING,32.14619267177901,4.811715551540483,0.5552490468819905
36.87987574880067,0.3771303312722762,916.8792821381,NORMAL,-4.51909547123468,0.7857622410138525,0.22390214460026864
81.6962954755387,4.323925986114044,3187.579085566223,FAULT,41.56202815290383,6.925398870534429,0.7784075911028627
64.86806380869925,2.2821831985461243,1971.3666336367207,WARNING,25.35259493334336,4.775146704578988,0.48140821334230055
33.61961323927825,0.44426321276272285,720.067472753199,NORMAL,-8.063929144329462,0.8487072517350881,0.17584065268698387
36.67610373912309,0.6999550568372406,999.9178717403504,NORMAL,-6.413749124197827,1.2253759619299003,0.24418018845918202
37.51419926655567,0.5271025293999628,812.5516093819447,NORMAL,-2.2418479997718164,0.9793442663383541,0.19842530143637233
39.52398730370995,0.5466071436281155,855.3932249066129,NORMAL,-0.5631423358841923,1.0141961367502694,0.20888723440942927
45.06369526978185,1.0445937871679456,351.4619778913007,NORMAL,2.3907120284423224,2.2397276644808626,0.08582710082815646
35.69786619953881,0.6732608305627786,858.4155531297305,NORMAL,-7.116798936609465,1.042722292381534,0.2096252876995679
46.28410415924182,0.986205077965184,843.988193732467,NORMAL,6.783601665463867,1.649071627681723,0.20610212301159148
39.2069739652075,0.4794264094549625,372.628776208445,NORMAL,2.027368624287035,0.775443349032696,0.09099603814614042
48.06690767630512,0.6989208663056893,816.9974754647831,NORMAL,7.4980727626798185,1.0852597223399465,0.19951098301948306
48.718561125614656,0.8693629211762214,375.3116413647964,NORMAL,12.554015679086081,1.7118747483949308,0.09165119447247776
41.418626778855185,0.6968375823215142,700.8432789843521,NORMAL,1.0972422437945926,1.2488906496732137,0.17114609987407864
31.361652529396963,0.9105105373468116,551.9871380443794,NORMAL,-7.405274664600719,1.37180445535279,0.13479539390583137
38.42962812878863,0.7066020511185929,733.6889080867284,NORMAL,-2.162720227259544,1.2656616984252185,0.1791670105217896
31.974096021064703,0.9525813993711314,302.02449566744195,NORMAL,-8.539494599421072,1.6259168538356465,0.07375445559644492
39.78479112109676,0.5350780026639549,644.2091623342783,NORMAL,0.5046326632086408,0.9140645635244509,0.15731603475806552
39.347776555076884,0.5558553330140603,551.3212949004001,NORMAL,-0.9962645236446892,0.8041296573464655,0.13463279484747254
32.96365718302116,0.5012973816147575,898.1031229545067,NORMAL,-6.7891918508485025,1.0998466227178543,0.21931700194249248
41.13130823534351,1.009290508170066,886.1962898072077,NORMAL,2.13945789080804,2.1889213531276326,0.21640935038027048
37.63734703987501,0.3898100738327321,336.6935995214681,NORMAL,-0.9670351917832809,0.5579822282080144,0.08222065922380174
27.875818372723757,0.6617299653780714,660.522716714465,NORMAL,-11.460467448068224,1.3537557307706412,0.16129980872148109
48.244089307429036,0.3103975803498853,971.3744643744756,NORMAL,7.582799339273566,0.6782017662697661,0.23720988141012833
40.01822577486889,0.6972692755567015,689.6692515390122,NORMAL,-2.9447225791709837,1.2516298976197553,0.1684173996432264
61.67634900600169,2.3131356334925366,1200.0,WARNING,22.496426914408506,4.012715823884768,0.29304029304029305
75.97533526912112,4.045305608787826,4010.017916668286,FAULT,34.38205486393543,7.030501971619378,0.9792473544977499
42.64005236989604,1.2744601690252977,558.1268638339099,NORMAL,0.2789750395966295,2.549533879354827,0.13629471644295724
39.91304388884902,0.6319047746826475,686.7608415649272,NORMAL,-0.6186956338105358,0.9236315121956393,0.16770716521732043
36.583870285001055,0.6531192240966003,644.2256872953113,NORMAL,-2.54843606963579,1.1352618265622536,0.15732007015758517
42.61671315217272,1.2118633546261317,1063.8196962412162,NORMAL,2.498339759326398,2.388582048128592,0.2597850296071346
43.34158433370764,0.8796787204851604,704.5872236205428,NORMAL,3.7156649559451815,1.4131924128415585,0.1720603720685086
44.40708459879629,0.7404054324119038,721.9797182332991,NORMAL,2.799785149457473,1.454324078941602,0.17630762350019513
68.32491673573952,2.870753209774848,2226.922259629864,WARNING,28.29063607098498,4.307236245012637,0.5438149596165724
39.46662754720879,0.7168558112041532,520.1475931122313,NORMAL,0.15140009679763988,1.5638328843566394,0.12702016925817616
40.47076442761106,0.3210246275113422,780.6692926667081,NORMAL,0.8713523599089938,0.5245475287322668,0.19063963190884203
38.96668848401217,0.8794716576290612,627.4711016927372,NORMAL,-0.35999257311861643,1.5982925857953603,0.1532285962619627
82.34402129752418,4.299365118573928,3781.7500436136006,FAULT,40.77238106267298,7.624421135306091,0.9235042841547254
44.47685423303589,0.9170633236697436,426.36715051543933,NORMAL,5.960444738250497,1.418869809652889,0.10411896227483255
40.43865231933288,0.6308496106045138,682.8177170792159,NORMAL,2.810551720413078,1.301489735745499,0.16674425325499778
56.55305859677698,1.855291643385808,1797.8978679762815,WARNING,18.800542150416568,3.294453167359313,0.43904709840690637
48.03542473358351,0.8596077257061137,540.3345770190496,NORMAL,7.4160067689198685,1.2064256362699397,0.13194983565788757
45.95594631163493,0.9093452463863999,705.3680232631984,NORMAL,4.043476983485263,1.7516398356844378,0.1722510435319166
46.54675487016545,0.8495820012560522,963.0642493376647,NORMAL,4.280630349810227,1.1961857630039405,0.2351805248687826
42.667554091699145,0.6994131950105599,531.2539249324142,NORMAL,3.08891984245332,1.0064602803823224,0.12973233820083374
41.7110270199793,0.40525026039817735,1080.8652547812212,NORMAL,-0.1747430593371282,0.6969272803610402,0.2639475591651334
37.106998740157316,0.8012150797616425,701.3333570759658,NORMAL,-4.083499188644152,1.5257060859292335,0.1712657770637279
45.87914522391052,0.6119639790418037,254.65305939785708,NORMAL,7.756192499700477,1.258591059812923,0.06218633929129599
35.855055831194946,0.8193622004705357,849.9953086929735,NORMAL,-3.2820352765777656,1.3552196386305808,0.20756906195188607
40.80272210739859,0.9130763197886861,560.1060458603382,NORMAL,2.396610615175087,1.6676635192100813,0.13677803317712778
51.190716692489765,0.3592108234626977,888.9275993524847,NORMAL,11.178798456668417,0.5826425103345324,0.2170763368382136
36.95644598367779,0.8757337366624425,556.1220795346419,NORMAL,-4.3646458640668495,1.6215303197729125,0.13580514762750717
59.21154494494411,1.7942010789641514,1949.2612916466485,WARNING,18.42019607042869,2.875145022642778,0.47601008343019496
56.41689112024193,3.499105038625556,1422.747897870795,WARNING,17.32290558665413,7.125837283891347,0.34743538409543223
40.16203627201935,0.2608254368941798,814.2850332182802,NORMAL,1.8209170467761269,0.5266898296986524,0.198848603960508
32.856596498870154,0.92279965142952,800.255899388026,NORMAL,-10.07266167174254,1.5990576950136395,0.195422686053242
31.896240098400714,0.8932107047426898,750.8371825025191,NORMAL,-7.033492329615729,1.6851459549318972,0.1833546233217385
64.67150947696474,1.9054562280536105,2073.3945689449465,WARNING,26.17074405412957,3.3155601194390476,0.506323460059816
65.12591656475931,2.8016409459715685,1658.7238207135138,WARNING,26.23034114766871,4.133533856398175,0.40506076207900216
63.03578260101946,2.476339959915437,1274.4355825012817,WARNING,22.105086250980676,5.225892326027074,0.3112174804642935
49.64916216999511,0.5847360085182127,583.1128485876662,NORMAL,10.296529037216134,1.1178367172266361,0.14239630002140813
47.35964684486636,0.7612105490535855,994.0113375663094,NORMAL,7.531537760945236,1.5186915308762647,0.24273781137150413
76.20102446186256,3.8,3370.141977830299,FAULT,39.12380529858846,5.74299149392037,0.8229894939756529
42.52842925668962,1.0955577097138043,791.4563659547719,NORMAL,2.829485195995232,2.3416724668348334,0.19327383783999313
32.14735699469395,0.7087812052450311,602.221392284457,NORMAL,-6.78261914699731,1.2197516913162154,0.14706261105847546
61.61371604219941,2.4244838879362334,1200.0,WARNING,20.753241327033102,3.4316773031663477,0.29304029304029305
47.618318882392636,0.766678827306015,743.0071300519518,NORMAL,8.536945931442709,1.5369106439820133,0.18144252260120922
42.097838379476975,1.1562720395216703,564.9591748862962,NORMAL,2.711446725077625,2.283206652775923,0.137963168470402
37.006341166607854,0.37124662146242926,648.374031798544,NORMAL,-3.1167222681919498,0.5438043783745052,0.15833309689830136
57.580781610716734,2.94089046379466,1798.2589504752157,WARNING,17.56626823136548,4.308290606851342,0.43913527484132253
39.86270811655215,0.6549272257220797,710.2296795009871,NORMAL,-0.4150419637759284,1.1952906361196125,0.1734382611724022
36.58730922898347,0.5794172385830799,290.41285417795956,NORMAL,-4.784624837815835,1.2082902762029735,0.07091888990914763
73.0,2.565868780078396,1890.3200066008403,WARNING,30.269238376467776,4.03290630840139,0.4616166072285324
40.14841615151665,0.377604573225164,788.1109624944405,NORMAL,-0.5977661597262048,0.7955173664235502,0.19245688949803186
38.33762362324293,0.7277090752099211,357.77672506408226,NORMAL,1.2896005815329579,1.2850254310843667,0.08736916362981252
44.996264015236015,0.5775899588856406,1162.9898432751233,NORMAL,4.8635168034198095,1.2125338044757468,0.28400240373018887
40.36453621638026,1.0034896697112374,686.3751913125751,NORMAL,-0.12931621345750866,1.534730664495018,0.16761298933152016
43.74107808593615,0.6078285636097479,815.3557577097328,NORMAL,1.3259141065516702,1.2302840486397268,0.1991100751427919
26.027638508462108,0.8492649589157512,637.1465686224934,NORMAL,-13.359800369313378,1.3870012643621639,0.15559134764896054
36.605569241889725,0.9000136126181252,193.57661855396321,NORMAL,-2.062443654918626,1.7868473870390993,0.04727145752233534
32.746584291976,0.910752465489759,765.3141382663616,NORMAL,-7.937871799690347,1.4268683966743094,0.18688989945454496
39.00443808621374,0.7329748863266078,617.5971164290494,NORMAL,-2.2939959213525927,1.1408524845990586,0.1508173666493405
39.381556335721505,1.2082264830735792,653.0497136193893,NORMAL,3.5808422558460222,1.983713252012195,0.15947489954075442
40.67013396373333,0.6458105829149249,729.4634877649269,NORMAL,3.5813085140514858,1.086086567321918,0.17813516184735698
37.96243703804266,0.8039504238832185,743.6537211800595,NORMAL,-4.380362429767878,1.5460605854745746,0.18160042031259085
73.75688310676287,6.386363146557141,3543.3688386525923,FAULT,36.52201833071439,11.053994619178141,0.8652915356904988
60.79453104114175,1.6662833268674877,1404.2817218522007,WARNING,21.37546450131589,3.1048618819159977,0.3429259394022468
38.191800340673936,0.8340740862211391,890.1260395960326,NORMAL,-3.4599934214928676,1.7455319686753357,0.21736899623834738
71.00678210702398,3.2992475549932854,1881.0876513406092,WARNING,31.1595487555266,6.095850198816094,0.4593620638194406
37.264671774912955,0.9755016140795683,923.5017341084183,NORMAL,-3.2309856417245957,1.9328721674609624,0.22551934898862475
43.21027344635916,1.0279254362759516,681.1528521305075,NORMAL,1.6695002507104229,2.10850486778539,0.16633769282796276
35.39676728693317,0.7008892704547186,958.2237637528114,NORMAL,-3.258400627149159,1.2870513295811925,0.23399847710691363
35.883574176927546,0.7133960563663871,840.2194606303901,NORMAL,-4.30052516850557,1.1845305443196121,0.20518179746773874
41.054581481110056,0.5596178531770832,740.8359726685529,NORMAL,-0.28324915229948755,1.0849619514367128,0.18091232543798605
34.2852398022925,0.6238541825968846,809.2570290711427,NORMAL,-4.760633621012214,0.9845431379579223,0.19762076411993718
36.97493671963505,0.8560608464557449,799.4235347885921,NORMAL,-2.674575612314037,1.5273104030693445,0.1952194224147966
39.2182013638535,0.6170008536863019,744.6024007302054,NORMAL,0.41215865314545086,1.1731072260902844,0.18183208809040427
38.088064853522205,0.8838091102512278,738.0007934591945,NORMAL,-2.2984122208937796,1.7889025313992584,0.18021997398270928
41.376709315399616,1.037217368777824,874.4179931706467,NORMAL,2.3924435788416902,2.194658386571049,0.2135330874653594
46.700493517682176,0.686424953217452,678.1247704061685,NORMAL,7.320043522628211,1.2860523688544228,0.1655982345314209
41.0346375964163,0.6592128153761159,361.52921462213016,NORMAL,0.9932607008952781,1.0509990912369214,0.08828552249624667
46.540967819943575,0.6166480935220833,343.03926789676655,NORMAL,5.831962775720201,1.2360424482541283,0.08377027299066338
73.34032071314148,5.386905477841476,2936.9508949016063,FAULT,32.504072827193404,10.663171257840892,0.717204125739098
57.68660894779654,2.865836774918688,1643.9950246970907,WARNING,16.34458563698736,4.650644997646254,0.401463986495016
40.62179316309458,0.8257278241389074,963.0059973139658,NORMAL,1.1343670491804747,1.3403623976022279,0.23516629971037017
42.78274352455022,0.8127687547723808,916.7621644560155,NORMAL,3.875488715980498,1.7707467631913258,0.22387354443370341
42.37449161468492,1.1418479796168062,688.4490711605548,NORMAL,1.976831039113762,2.3481539821407598,0.1681194312968388
52.79925115316235,0.21197123008327767,1226.4774478831941,NORMAL,10.768521721344486,0.43719507985488876,0.2995060922791683
34.571846983497196,0.5887686356188107,781.5059068953017,NORMAL,-5.616327648666257,0.8915137687514607,0.19084393330776597
42.76937235215934,0.9895589109580657,935.6639718537378,NORMAL,2.904184993380364,1.856932084279383,0.2284893704160532
25.0,0.7846253659265618,390.6885945113083,NORMAL,-18.412068138901613,1.451425716913126,0.09540625018591167
31.970186196412985,0.8376790645970742,864.172345051868,NORMAL,-8.726454220150936,1.4628914177358643,0.21103109769276385
43.06533864014422,0.3423758723147363,416.4583125039615,NORMAL,1.5073705884293367,0.506515912067498,0.10169922161268902
32.482708003753025,0.7968143940020882,731.3921498645374,NORMAL,-5.8575652696114995,1.5265078279838402,0.17860614160306162
37.48834355865163,0.9555545510641514,813.6599637963594,NORMAL,-3.100494447364492,1.8975418789623892,0.19869596185503283
33.71583093733159,0.4773038927954645,677.1352328193244,NORMAL,-7.057350115888182,0.8764988842573825,0.16535658921106824
49.343632284199046,0.5284988777110697,827.0458392904508,NORMAL,9.414148793261026,1.0626375907712309,0.201964795919524
65.14158290864744,2.4869873882474005,1626.7484848211636,WARNING,24.08723431220931,3.656614928673484,0.3972523772457054
63.27348436125382,3.8,2700.0,WARNING,23.36588315977009,6.330071753891543,0.6593406593406593
70.22550296548195,2.1499059842103523,2272.7167309272936,WARNING,30.42272651392213,3.703843086075744,0.5549979806904258
38.925084775180544,1.171509207824061,558.3790962441587,NORMAL,1.0933301547177927,1.9675088444746038,0.13635631165913523
70.40981482604846,1.9236288704880333,1603.4116394100229,WARNING,30.411787516254087,3.9662673898749445,0.3915535138974415
32.89893500525744,0.5705920788945966,563.6369525119503,NORMAL,-6.2127902288945736,0.9175219869596469,0.13764028144369972
86.00981924286208,5.362051507472122,2904.8765840750725,FAULT,45.503479936137694,10.07767482227632,0.7093715712027039
33.66323975494886,0.8939620904826681,383.0517213128602,NORMAL,-7.036596219992522,1.73204727349139,0.09354132388592434
34.75504161340756,0.654478361941258,744.2935764094617,NORMAL,-5.31376024550952,1.2790116399263898,0.18175667311586366
47.04184573038451,0.7176640497147989,718.9607952456392,NORMAL,7.653235922319179,1.5023859934537414,0.17557040176938687
45.1986354544635,0.8375022841518033,619.6248546214119,NORMAL,6.076273979313536,1.6619047787155228,0.1513125408110896
35.9921410959879,0.7227198481297231,1126.3158347107974,NORMAL,-4.647825618925979,1.0412037500514997,0.2750466018829786
42.61609220641316,0.9443054530919898,818.0426973344634,NORMAL,0.8887462703074149,1.463715799347299,0.1997662264553024
50.0,1.8675761250648026,2378.3765951408905,WARNING,11.834010735265826,3.6299090448900193,0.5808001453335507
73.416327841693,4.015745226017009,3480.5048645459715,FAULT,34.32271971617282,6.533556911085737,0.8499401378622641
39.6762752425688,0.7261470258659197,495.30930516998467,NORMAL,-0.8201528938460358,1.023160902144488,0.12095465327716354
44.45353195646585,1.0144656367930256,981.085788765345,NORMAL,4.486810619179129,1.8488975299828536,0.23958138919788644
38.85286685528102,0.9173034591039468,908.6710340613038,NORMAL,-0.1508378760236172,1.3298210173218388,0.2218976884154588
33.937384344524155,0.5988908187968922,427.2829245017556,NORMAL,-4.403881891995944,0.9901529828883469,0.10434259450592322
48.210913860225105,0.845519654915033,283.459640523144,NORMAL,9.522404247370359,1.4388143751447702,0.0692209134366652
30.690121446041065,0.5918732789146958,657.1260134407186,NORMAL,-11.045070760415374,1.1226323609119118,0.16047033295255642
47.94033942797131,0.78775917256268,461.66015478358963,NORMAL,5.511095523439279,1.5943857527933247,0.11273752253567512
45.16239857876689,0.9467258054779113,561.9639534821445,NORMAL,5.451976887625734,1.9328837174969598,0.13723173467207436
37.25373205635969,0.7894896950397319,580.1376958231876,NORMAL,-4.834682597972616,1.2817018897493415,0.14166976698978942
41.5579075169144,0.5995477169709609,314.859219392684,NORMAL,4.40251337717492,0.8701047308460367,0.0768886982643917
52.388223851239744,3.35118892693446,1600.2762138566718,WARNING,12.292731985002815,5.072649158234768,0.3907878422116415
63.748418919975165,2.437873599656904,2184.616382214833,WARNING,24.619649186330616,4.801013341675043,0.5334838540207162
52.96980555075851,2.3338591893602714,2356.3511560505376,WARNING,10.836768713049509,4.534323800897563,0.575421527729069
50.28233670612611,0.6685520977122938,455.47467947288783,NORMAL,11.803533136266312,1.0500601832694763,0.11122702795430717
42.10089798494181,0.5734658901508993,679.4103807808468,NORMAL,0.8906022469986041,1.0064140773593095,0.1659121808988637
47.244518058128804,0.32706220797178925,988.0313677439642,NORMAL,7.156878550451691,0.7061033135101612,0.24127750128057734
29.38449824978779,0.6388240552874922,645.6977735645214,NORMAL,-11.150137031919991,0.9083594016641502,0.15767955398401012
45.34696334852868,0.8082172830848862,924.5357206542179,NORMAL,6.265468969761994,1.598948886357496,0.22577184875560877
39.95669766629207,0.33392364376951583,759.4563574793541,NORMAL,-0.6796839688490138,0.6887409932801251,0.1854594279558862
31.731510805161797,0.7624178099925856,561.385651972405,NORMAL,-8.442789617536961,1.5061053014194863,0.1370905133021746
35.8750397307642,0.48700739415847405,760.2870278643903,NORMAL,-2.693451423070371,0.7283189655965973,0.18566227786676198
38.8324800343495,0.5804065471512667,934.5429386133212,NORMAL,0.06170419120108139,0.8887473114690704,0.22821561382498687
52.6954886548839,3.2501083050734447,2502.6888256274565,WARNING,13.327074559029612,5.970353970492311,0.6111572223754472
39.99844641434425,0.43244478620654053,525.7863695038241,NORMAL,-0.266547323379145,0.8819581122324829,0.12839715982999367
59.470035110354374,2.3872580731214654,1818.7246674877013,WARNING,19.75343612444743,5.020931754871365,0.4441330079335046
62.64872899119559,2.026474182448854,2346.0271461480743,WARNING,20.935952204728924,3.336468380172353,0.5729004019897618
39.30658527362577,0.8260155974536968,1031.8166289658616,NORMAL,-1.9840583500702667,1.771495308371956,0.25196987276333616
64.11787463490025,2.7254245951652836,1385.4525495049284,WARNING,23.11962743916761,4.036012673142853,0.33832785091695444
39.526455155315546,0.6416081805826434,365.4001836113783,NORMAL,0.26737867101402557,1.3202141287647364,0.08923081406871264
53.977492195715826,1.5,1638.199168205573,WARNING,14.986722401999858,3.0654069739097523,0.4000486369244378
44.67994225438159,0.8689834680940305,667.7323114872593,NORMAL,2.5980730408700605,1.6610978960527465,0.16306039352558224
34.71472111330199,0.7991424048290425,773.9828775520316,NORMAL,-6.325077216738516,1.7233493434395022,0.18900680770501382
33.126560144888906,0.7331245423929311,346.0685899986282,NORMAL,-6.156135617037295,1.3562514312033305,0.0845100341876992
53.381403132405104,2.0571467106027255,1801.3058958770973,WARNING,11.299420230545422,3.2310861082067266,0.43987933965252685
61.82718995581842,2.5842954161187808,2560.251369514559,WARNING,20.65335099890696,3.7865921752832716,0.6252140096494649
44.535525979001505,0.7201284725478114,924.6653667520876,NORMAL,4.919238501479611,1.432965966738675,0.22580350836436816
31.123785794482153,0.778809882438316,649.210724315815,NORMAL,-6.254101146006427,1.3639816038867814,0.15853741741533944
34.34179536624424,0.6333564920100243,690.4951468066237,NORMAL,-3.766508250509076,1.1133920514412803,0.16861908346926097
41.60154106373135,0.7651983167046849,733.1571043706391,NORMAL,3.8451683302179513,1.507911656004503,0.179037143924454
41.249849697277654,0.9669265631800433,1148.2394273225837,NORMAL,1.5770622249375856,2.1164851052003097,0.2804003485525235
43.73696480773158,1.0955433660510125,357.5107813698996,NORMAL,4.000887650141481,2.1041018235218365,0.08730422011474959
62.90696397729659,2.8467731908400333,2220.1370505678183,WARNING,20.952407783524137,5.942029879002332,0.5421580099066712
57.12230529790815,1.805381459228546,1370.21520926399,WARNING,17.12608687558672,3.4176792492572754,0.33460688870915506
68.20640272702074,2.4605115996546596,1502.9199657533031,WARNING,27.78291165943902,4.869734226080789,0.3670134226503793
93.68335654496363,5.958259412259169,3387.6476622319765,FAULT,53.13374091004286,8.693739615922057,0.8272643863814351
45.06434097426937,0.8821754215676412,830.9694704480568,NORMAL,5.240062768683071,1.2729461817213452,0.20292294760636306
34.40652199427213,1.1374304303164038,738.6122560791785,NORMAL,-8.294811076628777,1.7230641082687488,0.18036929330382867
41.22689703629846,0.7394981703571912,878.7617716944834,NORMAL,1.8077318904753072,1.1659842963061016,0.21459383924163208
35.8442250787836,0.6473723842940896,528.2001066287124,NORMAL,-3.2552427942489937,0.9548700499539916,0.1289865950253266
79.80664987797716,5.480524176167608,2700.0,FAULT,37.962091771211014,11.808594517551109,0.6593406593406593
71.42537066315427,2.8499674268695045,2700.0,WARNING,30.256495534814963,4.206919725693431,0.6593406593406593
44.282774281967306,0.36436584652863224,322.14055155970584,NORMAL,3.6479684300408666,0.6229745081519297,0.07866680135768152
46.68726912820606,0.835791039255861,801.848911365626,NORMAL,10.163323776977577,1.8008486079049713,0.19581169996718584
79.70255530459538,5.003463500416917,3281.3070759142033,FAULT,39.18183236005962,10.743324094990545,0.8012959892342377
59.293885168468854,2.920662999319786,1246.0171317954528,WARNING,19.889787156837905,4.494026839091723,0.30427768786213744
42.89844889572167,0.3336798947925441,695.638446572756,NORMAL,6.310503963776759,0.6189214353543019,0.16987507852814554
64.29802399977278,2.234428801866107,1580.585659071423,WARNING,24.997929418324674,3.2556331354181136,0.3859794039246454
73.90762971738076,4.041330659186639,3354.3165157856433,FAULT,31.568736647678374,6.928631003601074,0.8191249122797664
40.40745449351706,0.7911200729942011,629.1256859867892,NORMAL,1.750455628413229,1.5353192642595752,0.15363264615062008
38.10134836209932,0.4948328750483844,497.8828608601449,NORMAL,-2.7646268432886587,0.9183686699125551,0.12158311620516359
87.23578156794929,4.513034964950582,3192.51100357731,FAULT,45.74313181590736,7.375974756087909,0.7796119666855458
35.34498998062638,0.6789308934181307,1064.551435895913,NORMAL,-3.6722570186208845,1.1013614563794754,0.25996372060950257
65.69421994935126,3.147359217044649,2172.4395404945035,WARNING,28.29735086607125,4.903338724275694,0.5305102662990241
33.46410905847857,0.7187895568387613,1093.8898006150635,NORMAL,-9.732600517144796,1.1777757793914192,0.2671281564383549
41.90109572433086,0.6533261156575598,1003.7300711105667,NORMAL,1.3695677685900547,1.2544346842517458,0.24511112847632885
58.82986545920941,1.8189568664399425,1924.267386828416,WARNING,20.025043569703815,2.6811586858441205,0.46990656577006495
37.970783124443216,0.6910786781163832,570.8790243258104,NORMAL,0.08360446396932675,1.0598025707183925,0.13940879714916005
26.842809815958333,0.8907152952893219,847.7045133749396,NORMAL,-14.26685914034407,1.8223169841615827,0.2070096491758094
38.20989948718329,0.6987966246139081,667.725132374106,NORMAL,-1.6844189158120473,1.366087022255467,0.16305864038439707
33.886315201256075,1.3428471135063125,810.5266402350082,NORMAL,-6.727050370599013,2.213706871279703,0.1979308034761925
38.801656092611445,0.6090826722112384,821.1270153606652,NORMAL,-0.9438067388801771,1.1917642804853585,0.2005194176704921
63.20379050142491,1.944422003212641,2700.0,WARNING,22.359254898406736,3.697247080456441,0.6593406593406593
40.457141542570284,1.1511535311682288,1117.6053121196596,NORMAL,0.9254580913608925,2.503370999829854,0.27291949013911104
45.15189665576014,0.94450243254625,711.9181120317999,NORMAL,4.8847695219703,1.6701416508542681,0.17385057680874233
45.91165823376993,1.230878245641885,1004.3294766818425,NORMAL,6.5035926160900805,2.1608949221779667,0.2452575034632094
36.31868032865164,0.5188949506083798,705.0638725811974,NORMAL,-2.9135605658283423,1.051902526381683,0.17217676986109828
29.95707265814687,0.7563941366889853,834.1098712975619,NORMAL,-9.272975233451518,1.6489243734209873,0.20368983426069887
43.37981696501489,0.7026544530668257,1011.6805323121013,NORMAL,2.6177666718502604,1.3367827432780384,0.24705263304324818
64.15816123380385,2.5422587668624224,2028.619035130303,WARNING,23.863080548253524,3.6858863495435727,0.4953892637680838
62.75293705824892,1.8051065563546413,2073.005345235537,WARNING,24.004149145547554,3.0478845918336255,0.5062284115349296
33.85015469160113,0.909373150564935,901.1904048107394,NORMAL,-7.625864297112461,1.9568340516407117,0.2200709169256995
41.003300043595985,0.4648664339091269,717.411969538652,NORMAL,-2.01684503486515,0.8075210250814461,0.17519217815351698
62.32704793037328,2.0201354194633008,1284.3784246472687,WARNING,23.493099639760416,3.925927741745844,0.31364552494438797
51.32057262078173,1.6891143157880268,1883.4114125834524,WARNING,11.026046164418256,3.4923103418908767,0.45992952688240596
64.05113648445082,3.6794384322987455,1698.463897308284,WARNING,26.071420452237575,5.600763951354582,0.41476529848798144
39.028286366361826,0.8182682970281732,772.7939071687534,NORMAL,1.329240032365313,1.403927314916452,0.18871646084707044
38.32494619033492,0.94218396507965,702.6197318146315,NORMAL,-3.4016329665477283,1.9862528888625466,0.17157991008904308
38.12220940514214,0.9962068717699739,541.3479280872064,NORMAL,-1.739033499221903,2.013251226737558,0.13219729623619203
65.71483706145114,1.7021721896629538,2518.3486944379556,WARNING,24.91746035959293,2.8676118852298065,0.6149813661631149
33.36867270029772,0.7409231563002664,701.2096356005691,NORMAL,-5.101152270727036,1.207934833303896,0.1712355642492232
40.29645566947353,0.8318350916020746,630.4878072215573,NORMAL,0.5452833007309958,1.7583815004769374,0.15396527648878078
35.39953445755193,0.6320270674118296,538.6090341392,NORMAL,-4.383257451022733,1.2608824461656125,0.13152845766525031
59.02631395506933,2.34158106349451,1847.4037149731764,WARNING,18.445010962447512,4.536367228577579,0.451136438332888
70.02894948885987,3.27236645141632,1830.4916272201208,WARNING,30.730555803187357,4.844894376562806,0.44700650237365586
56.04368162196828,2.6078177416931427,1482.7217888749005,WARNING,15.8243584400177,5.300250618311,0.36208102292427363
44.73092948372694,1.256812173971601,720.86312083513,NORMAL,5.1625430765505245,1.9823151106752668,0.1760349501428889
66.76964566022184,1.5,2260.598397202128,WARNING,28.28187869126494,2.208863606249336,0.5520386806354404
60.108472304678244,1.950821299383848,1780.6724534865743,WARNING,17.946518535828226,3.3381058589084365,0.43484064798206945
83.8126685158428,4.530394103969796,3480.4904713563324,FAULT,43.954688063469504,6.4952874095201745,0.8499366230418394
57.08172824599417,3.1858578035532252,2555.9977513902268,WARNING,15.677444339654,6.535554700582804,0.6241752750647684
63.41494882769976,3.7353475644727228,1684.1280528861469,WARNING,25.504687288565226,7.71683048352415,0.4112644817792788
49.71580085362354,1.0599087473253013,590.1531023619864,NORMAL,7.379579774306425,1.8031005453205273,0.1441155317123288
59.82336565700183,2.571665504842785,2686.9195384476493,WARNING,19.845015734247074,5.187494618350166,0.6561464074353234
33.69114994126479,0.4165001832875606,627.6526102304733,NORMAL,-6.544108100212899,0.6549917116342556,0.15327292069120227
38.22545584129958,0.9422886910133828,732.1237738194734,NORMAL,-3.2630154803878813,1.7280204092572715,0.17878480435151975
34.53682337746634,0.5687066375511829,571.299982993733,NORMAL,-7.709219276703379,1.2278694199197757,0.13951159535866495
39.10205749510449,0.5927469363283242,528.8365527945011,NORMAL,0.6491868362719897,1.2707919047605525,0.1291420153344325
50.28475354748777,2.372155307912217,1460.8285527019407,WARNING,11.281553046135784,4.846193991881434,0.3567346893045032
32.11883576301672,0.8985100511963459,918.5427993083897,NORMAL,-8.035877923323968,1.2836403910529604,0.22430837589948466
37.9812023305427,0.5699021716025823,440.838775296261,NORMAL,-3.3215493179501623,0.9691523966044212,0.10765293658028352
55.63836106042233,2.620957985835605,2346.745963360839,WARNING,17.190718308748167,5.013113428476781,0.5730759373286543
38.586858077964884,1.2698846700894193,200.70960986604922,NORMAL,-0.09894573925447436,2.532229873299235,0.04901333574262496
58.0499443045729,2.1099107933959496,2321.0063383649394,WARNING,18.631360975443982,3.374828303882985,0.5667903146190328
38.7362484965012,0.9652592136115828,953.1447589959545,NORMAL,0.905250508009507,1.805928778570718,0.23275818290499498
51.00351049608564,0.6310903601187356,1071.7734964584488,NORMAL,12.523717052028568,0.8887289017337527,0.26172734956250276
32.92240614782862,0.9434385898096527,913.1005528725942,NORMAL,-8.025448043853793,1.3895393706744972,0.2229793779908655
40.63258252985118,1.0033732373006947,636.4521397262846,NORMAL,2.2648811507026365,1.6941779095557947,0.15542176794292664
31.99779733471864,0.9503860428870705,411.209333725348,NORMAL,-8.152542539220054,1.747251884296499,0.1004174197131497
65.86579538535284,2.623988096664535,2096.1169414736873,WARNING,25.262869426622512,4.993828188771182,0.5118722689801435
44.37481164551654,0.7969473499374802,399.99949723573724,NORMAL,3.7666966193769316,1.1937972780363493,0.09767997490494194
82.06039495985006,5.103798331449095,2700.0,FAULT,40.195006529143534,9.665712081779379,0.6593406593406593
41.43607140451684,0.9129783250677062,518.6761732650834,NORMAL,1.6248043567152295,1.6821445769416787,0.12666084817218154
40.240542815683085,0.7981121903461234,542.2586484743487,NORMAL,0.40231836176816377,1.7038534842308337,0.13241969437713033
40.507334462262094,1.0707609966923932,365.30285216502483,NORMAL,1.2860643816146238,2.112764829418286,0.08920704570574477
44.208153116533275,0.8919653745846285,675.277931762266,NORMAL,4.256407101193563,1.6597606056594714,0.1649030358393812
44.989786928385804,0.8274658633556337,622.816539602734,NORMAL,1.8817827966212413,1.6709324331736277,0.1520919510629387
38.765921115294624,0.6490717236642162,832.9755679021281,NORMAL,-1.4276044256890226,1.2927664882634013,0.20341283709453678
36.60086053800106,0.8616228540978619,655.5301782654315,NORMAL,-2.434347661429058,1.7626381459197522,0.16008062961304798
30.3747066354442,0.5949046493962307,835.7458088928132,NORMAL,-9.3678901836936,1.126665456653548,0.2040893306209556
37.76114287323878,0.7906676564755376,1125.2205280117291,NORMAL,-1.7940297090282282,1.2790969783293538,0.27477912771959195
36.21781395300438,0.5678117386771562,589.6002373497561,NORMAL,-4.48698302995657,1.2096764295970763,0.14398052194133237
56.01306476264792,2.0887122172760053,2227.073925897094,WARNING,15.091423464029672,3.162594494482196,0.5438519965560669
38.21668469463328,0.961879342457226,712.2156164494369,NORMAL,-0.38713553057560546,1.4379563543596614,0.17392322746017994
36.36942986241327,0.8002327248750585,759.0420766121053,NORMAL,-4.020058730837092,1.4971761925002083,0.1853582604669366
43.71343110580809,0.7041670473847741,694.1514666690521,NORMAL,6.078088190060316,1.4264385757584017,0.16951195767254018
77.88737313571917,5.389975856871632,3247.136723465715,FAULT,38.07877483057679,11.015833942158576,0.7929515808219084
37.69406293431639,0.6840928253317263,516.8700583488048,NORMAL,-2.004628729035966,1.0000478055536668,0.12621979446857262
63.31808463297166,2.9831226470246963,1859.0543441801758,WARNING,22.28010467126883,5.934341994342144,0.4539815248303238
48.304762440739694,0.8621072410371811,485.9374036666486,NORMAL,7.616195857915048,1.6968303823626092,0.11866603264142823
47.086495232384266,0.4869302546472652,474.3019849726404,NORMAL,7.1809948518233355,0.6856576162254625,0.11582466055497935
48.14560602666249,0.6672744635991215,599.5315402746716,NORMAL,11.606235821784654,0.9852198811023593,0.14640574854082333
40.12105680447647,0.556412629019057,1010.2065102470613,NORMAL,-0.7827743264534156,0.8625440171996207,0.24669267649500887
51.51285733206261,2.0075757156273517,2536.6764313097924,WARNING,10.164122443880773,3.817549289308066,0.6194570039828553
51.660309981048286,0.7171899201660845,882.6167857588433,NORMAL,8.708086237622766,1.2114274059795374,0.21553523461754415
39.228973442570584,1.0413145852914314,848.8302775954385,NORMAL,-0.684909539728756,2.038601311371029,0.20728456107336715
77.00506648215678,5.644656084948504,3433.6237535408104,FAULT,37.43962668424202,9.066466555053893,0.838491759106425
87.18140128550765,4.694768651815435,2859.596512252942,FAULT,45.69919521491513,8.0643757927781,0.698314166606335
38.520854660471805,0.3378009388201888,1039.9858703873617,NORMAL,-2.0599569445419554,0.7354693844758103,0.25396480351339723
70.93599055114205,2.953346060986013,1778.991299190524,WARNING,31.390468630030334,6.37694389745551,0.4344301096924356
41.72884964730079,0.7524427932354866,664.4570832504373,NORMAL,1.0016811720204568,1.1220232679619548,0.1622605819903388
41.39370428048,0.4416095742361932,642.5366994088731,NORMAL,0.8725187617840224,0.6972507357239431,0.1569076189032657
68.17388260218206,2.2926305417743698,1755.224983923414,WARNING,30.56306436260331,3.650186177216656,0.42862636970046736
39.95548587493849,0.9500552204472452,408.1191565173465,NORMAL,-0.9141856829666527,2.060083374535063,0.0996627976843337
58.52857292866085,2.825200392287801,2117.0930920963065,WARNING,21.94615767427458,6.083420720291351,0.5169946500845681
32.91052755985165,0.9626801685293662,621.6277783606002,NORMAL,-7.647081386478508,1.6058339953816565,0.15180165527731385
50.56519242886137,1.8849446072257834,2139.426786961938,WARNING,9.749183048460274,2.6835713184165164,0.5224485438246491
41.884600572188155,1.0337361735714836,731.7442456699684,NORMAL,-1.1488337849813561,1.5474926338675667,0.1786921234847298
28.81791324837676,0.8181154832786522,792.6361595990129,NORMAL,-12.334838255716722,1.1814562246981468,0.19356194373602267
68.47671895142328,1.658742409139169,2097.1398227433174,WARNING,28.42218542660603,3.3329057505239312,0.5121220568359749
37.23945964255946,0.730964886760573,374.77720413298397,NORMAL,-0.27760461280147153,1.4246878861911727,0.09152068476995945
74.68664134095002,4.115499955024415,4095.0,FAULT,34.650531878473075,7.640149187155834,1.0
62.906935980995144,2.4199542481804106,2278.4520120237858,WARNING,23.708575008252932,5.184413573613711,0.5563985377347462
43.83499381240205,1.315446713446457,1072.3170660427872,NORMAL,3.553182313841768,2.1768198691830465,0.261860089387738
43.36824466906875,0.7919928902696275,497.76911602645623,NORMAL,3.259459263213092,1.5341782598640403,0.1215553396890003
42.435046468834265,0.9616966753249659,719.7228026851246,NORMAL,2.274439316011495,1.8269539155531156,0.1757564841721916
82.41507220697058,4.9125577350529195,2700.0,FAULT,40.259324253386694,9.144966293327347,0.6593406593406593
39.14201997371642,0.7828553231125788,1272.8482492566484,NORMAL,-2.4990036381544303,1.245851845682849,0.31082985329832685
34.57615614373459,0.5998537836252658,576.0624975796793,NORMAL,-4.510651332536075,1.0064298298404293,0.14067460258356027
79.15826232117416,4.58148998512206,2700.0,FAULT,37.82424455267229,8.453957231309582,0.6593406593406593
35.889997889042405,0.5186332567255983,878.6054397361361,NORMAL,-1.9364941790767265,0.9734820601729777,0.21455566293922737
90.44059507533156,5.0725883383792905,2949.452332783385,FAULT,49.95858927481658,9.676932845574461,0.7202569799226826
33.93865518551968,0.8344459677456777,698.7077293439988,NORMAL,-6.2086906061376,1.6193207688463405,0.17062459813040265
44.66792547197336,1.2088901619766959,769.383191266818,NORMAL,3.1866392950107265,2.5819771685125783,0.18788356319092014
72.72036514371709,4.516689934240738,3697.308232329605,FAULT,32.28354878622303,9.72081957798399,0.9028835732184627
45.44582691229192,0.9782511335204701,518.7698186430998,NORMAL,5.975516235526809,1.6496158437508315,0.12668371639636136
39.509542086032,0.8281483799378306,479.1603577507501,NORMAL,0.26565731786900537,1.505985626329662,0.11701107637380954
78.48162640546907,3.8,2700.0,FAULT,36.76476703703554,5.46355454122231,0.6593406593406593
64.96778028497624,2.9820821921520935,1536.285631605574,WARNING,27.421745497395232,6.111124911923067,0.3751613263994076
64.3966536481618,1.7707004420575077,2332.1631178299103,WARNING,25.87048876796275,2.807816950628048,0.569514802888867
36.45838757793226,0.615969541579048,1024.9257846474932,NORMAL,-2.5081271798881684,0.9912101612438994,0.2502871268980447
46.29360651294666,0.953202967624217,1218.1518191087546,NORMAL,5.92322721917176,1.5426105189828043,0.29747297169932957
40.67485054995147,0.5694810710256286,516.3251378385629,NORMAL,-0.9290565025834479,1.1277740492863,0.1260867247469018
35.04862655340259,0.8820354933382449,1000.3810358630418,NORMAL,-1.6757927837048765,1.7007408796555583,0.24429329325104807
41.84809793152087,0.8147897106399414,802.6473801428566,NORMAL,1.3304112950998277,1.4929970104939088,0.1960066862375718
60.82253314231244,2.4037663867952808,1809.672590022652,WARNING,21.20172826525311,3.4249696148483944,0.44192248840602
58.77554819820558,2.0012163408088206,2115.8036859282965,WARNING,20.500445026739882,4.17346465660408,0.5166797767834668
36.526008924472485,0.96183466451976,796.8436463293858,NORMAL,-1.2273681957279536,2.093895720930502,0.19458941302304905
34.4171758288226,0.9988987529999563,389.627601665981,NORMAL,-4.609553753111371,1.860326210296972,0.09514715547398803
50.0,1.5,2537.9116733357096,WARNING,9.542409288720744,2.362621885827397,0.6197586503872307
36.27426389070703,0.9359730207162872,517.2660667310472,NORMAL,-3.9085828259592175,1.4689441745242773,0.12631649981222154
61.613293197469446,1.6281309421246646,1512.8639225713623,WARNING,23.676075429325444,2.3763192180677453,0.36944173933366603
64.45768114211269,1.6141518650287598,1598.3910095944555,WARNING,23.078499062412195,2.902668252419122,0.3903274748704409
33.4710706682918,0.7859953365577527,547.561826995572,NORMAL,-6.5931382144450215,1.571793811870367,0.13371473186705055
62.63102369023958,3.66648057887395,2253.91436557832,WARNING,23.48375666151341,7.354150655623251,0.5504064384806643
42.24567806679858,0.5145451666379635,863.5252958202058,NORMAL,-0.03547425567722762,0.7708604805536472,0.21087308811238237
48.595173405422514,1.0044032011829989,824.4833807495083,NORMAL,10.528035065915631,1.9928898606182295,0.20133904291807286
48.92178397650652,0.8365533933681769,492.6965319466324,NORMAL,7.647525570564144,1.3008688626670444,0.12031661341798104
39.23802750991786,0.8507504580965457,606.1164586457945,NORMAL,-1.3334246513350743,1.817976250334465,0.14801378721509023
42.78476269663674,0.1,589.3171054982687,NORMAL,3.666232956117237,0.16617900483529066,0.1439113810740583
34.94691481964025,0.7843127296401925,432.27867806854,NORMAL,-7.202509277341246,1.6057097454177944,0.10556255874689621
35.32083065798804,0.6724431116546563,576.8791883838531,NORMAL,-6.2826327778223305,1.2417380667428355,0.1408740386773756
36.886682555595534,0.7993172912598524,471.5802672101131,NORMAL,-3.945922701412445,1.2371451339938722,0.11516001641272604
44.63731215879291,0.6708250115241611,739.8447800565698,NORMAL,6.271525752466441,1.0558336997015538,0.1806702759600903
46.323126434840034,0.8868131032957576,1177.851200988218,NORMAL,6.101522311352119,1.943313264025057,0.28763155091287373
30.96189361378714,1.071425263587309,590.9653250370518,NORMAL,-9.352443134260179,1.9092737879149615,0.14431387668792472
61.23433684192124,2.10407374053987,2497.010518884243,WARNING,23.719627352574584,3.4653529214233214,0.6097705784821107
45.071519417667304,0.6710718524855651,739.4606280046322,NORMAL,7.757802789731414,0.9625677284948045,0.18057646593519713
43.14160051427585,0.727032696026829,1254.7016447517058,NORMAL,5.033250779254999,1.469134971543929,0.3063984480468146
28.74232507006065,1.0518825664625904,591.9362634866179,NORMAL,-10.100751601582186,2.274244723180016,0.1445509800944122
39.28412012836907,0.8244407224376156,395.2922875940521,NORMAL,0.5281503691443883,1.17397527937518,0.09653047316094068
46.266679734279975,0.3130927076695576,696.2592118117238,NORMAL,6.53213819830464,0.5883190257328692,0.17002666955109252
38.20532036878869,1.1644405824701627,498.8811520953113,NORMAL,-0.6511449553305217,2.210441218665747,0.12182689916857418
65.36147606908186,1.668160703973848,1888.7950451381307,WARNING,25.065694143445924,3.631271426504795,0.46124421126694276
36.4541857919663,0.695463121581712,529.5322411210982,NORMAL,-1.456466037769831,1.2486939185539254,0.12931190259367478
42.202911501444994,0.99502937650209,802.5721248402881,NORMAL,3.1268746217654497,2.0362362026092637,0.19598830887430724
40.41297709768135,0.6127305348649835,898.9566280200273,NORMAL,1.063777015064443,1.1410585422943347,0.21952542808791875
48.148056593229796,0.8018538111197175,663.0115732879007,NORMAL,9.6770187926972,1.3687494803842752,0.16190758810449343
69.98148124754572,2.9472903479206614,2330.238648784947,WARNING,31.449194581250026,4.859686171859962,0.5690448470781312
53.06803487632495,2.7669439484946565,1364.0527192340003,WARNING,12.246046436961283,5.869470756913752,0.33310200713895
47.59314780182748,1.0085491500902903,679.95735920756,NORMAL,8.408561537242393,1.89341969760985,0.1660457531642393
43.479398308587704,0.722147422646921,718.3691763547175,NORMAL,2.8573144851250145,1.012595636896593,0.1754259282917503
52.961868175455386,1.721956926499358,1823.3304897994428,WARNING,11.057914596923231,3.169083868669285,0.4452577508667748
68.30675510780652,1.7432183748683414,2576.883403341837,WARNING,28.835480051254223,2.711059462153809,0.629275556371633
40.101579991173125,0.817250297418032,716.5434581381184,NORMAL,0.49675070477636657,1.202125789432313,0.17498008745741597
41.498173015898736,0.9281975660196733,357.09626393102184,NORMAL,2.6794046709491974,1.4257979501493807,0.0872029948549504
38.57876450789685,0.7533898813224179,734.1943089046767,NORMAL,-0.9973024061655574,1.2378515209207968,0.17929042952495158
29.73800797511697,0.6716012377917848,804.1642599925166,NORMAL,-9.020681618898903,1.3931699814206577,0.19637710866728122
30.65750093374725,0.883038635590738,380.76397783984714,NORMAL,-8.23160108495378,1.8523831162846263,0.09298265637114704
42.498700724325865,1.0650641967981198,678.6395221274491,NORMAL,6.089055980660695,1.6715765651538883,0.1657239370274601
27.866603783034627,0.8630541059898527,876.5652791107248,NORMAL,-11.301847065770438,1.570181319362311,0.2140574552162942
36.430055009873854,0.9110246635333162,556.9437067794075,NORMAL,-6.154693453388576,1.997704581946743,0.13600578920132053
33.999783610074886,1.0047209566108792,1045.6354611522577,NORMAL,-4.6079153508243955,1.9434525209253304,0.2553444349578163
46.27618687362109,1.0166356117423638,721.332000066496,NORMAL,6.397635987086772,1.8862786192063292,0.1761494505656889
38.53997918614879,0.36990821900837006,1072.7828285382384,NORMAL,0.11562731829083273,0.62544527553139,0.2619738287028665
35.109711469578585,0.7792004672282629,559.7022137750362,NORMAL,-4.992713341730233,1.1789537190857022,0.13667941728328112
44.892795390702545,0.7074788934915569,679.5611980259686,NORMAL,6.377628238826,1.4248721802298878,0.16594901050695204
58.95845867473254,3.2870829803545933,2392.8301966280474,WARNING,20.978805488031142,6.648283719419095,0.5843297183462876
35.06598055354839,0.7649857981869045,701.4062138645771,NORMAL,-4.071181466109319,1.6279699550119584,0.17128356870929845
31.455041117253984,0.5673311298966435,582.0716011592335,NORMAL,-6.721317550409523,0.9216613971958563,0.14214202714511198
56.683584631199885,2.0594694461168688,1200.0,WARNING,16.736943208644494,2.98505359897066,0.29304029304029305
40.997910555442566,0.7051510968109574,1026.4185521664358,NORMAL,2.5631764231526697,1.3870377495818988,0.2506516610907047
44.80440037606922,0.5800554626644783,899.5984908013555,NORMAL,5.066673628526891,1.0659778388277852,0.21968217113586216
47.29794634114211,0.7096372154289616,883.2129966016273,NORMAL,6.396753918226003,1.0899151548554393,0.21568082945094685
36.65448686883277,1.2645232336687404,393.36253845748695,NORMAL,-2.71419090406774,2.040520685634766,0.09605922795054626
49.92291199229283,0.6326427937341583,600.0967315561583,NORMAL,9.87207882728418,1.1519536559227879,0.14654376838978223
55.06196316365868,1.871058603256607,2151.0919300868236,WARNING,11.629428157197388,2.872026709017983,0.525297174624377
37.80163897287004,0.5679805339309167,610.9608581701589,NORMAL,0.18966970646942283,0.9287572249592772,0.14919679076194356
40.603736815485696,0.8051786977003146,424.73931316109207,NORMAL,1.0240266468481276,1.597788944702034,0.10372144399538268
64.32748081238596,1.9729291032171503,1214.1102996982409,WARNING,24.13897445643042,3.2160082757615704,0.2964860316723421
30.557538098065926,0.32663648812211526,492.33964412234684,NORMAL,-7.729283247703727,0.7170178808618266,0.12022946132413842
41.71628990488783,0.7876192539853575,479.4684863795498,NORMAL,1.1927578067537874,1.4674301135507895,0.11708632146020752
43.64267700417567,0.41513965628860816,545.1645457189346,NORMAL,4.759934290758007,0.7392199966265224,0.13312931519387902
38.26916425998901,0.7906663526221434,484.49880674482154,NORMAL,-1.3782432373426392,1.680484072782637,0.11831472692181234
87.96083015353864,4.451603489398453,3886.348172125155,FAULT,47.770731992094944,7.998277450918714,0.9490471726801355
61.64294901906468,1.5,1869.6558951279167,WARNING,22.676538209801958,2.6528307955341646,0.4565704261606634
38.77201167025614,0.5402218237440886,833.8456533183769,NORMAL,-1.914415355628713,0.8222493085245145,0.2036253121656598
34.26381429379882,0.9775749161113416,834.3866593407037,NORMAL,-4.649499587203553,1.4097105815762225,0.2037574259684258
41.309945983916705,0.7549902759760831,585.5599477365108,NORMAL,-1.038684292640796,1.354034147348385,0.14299388223113818
30.110560342397754,0.7952392864354717,1136.97345169129,NORMAL,-9.9269002923102,1.3901531143916825,0.27764919455220755
82.43222697421905,5.725305207671199,3664.4142287198665,FAULT,39.81480836287311,10.856883260205437,0.8948508495042409
35.42346465028011,0.4475930651035957,584.8340638110026,NORMAL,-5.910279558377472,0.6369419061528334,0.14281662119926802
34.20792044567104,0.7209999033827565,733.1077743010732,NORMAL,-5.0637519435007095,1.1365959964747712,0.17902509750941958
56.955649391946395,2.340613294256838,1598.6696573806553,WARNING,16.33351641657234,4.424283155679632,0.39039552072787675
33.354605854139194,0.8150936646310752,742.7928781696303,NORMAL,-5.783102983603784,1.5671954133616728,0.18139020223922594
52.53706337613533,1.8458385929012768,1919.990205087348,WARNING,13.24053612435568,2.771043223212771,0.4688620769444073
38.013182540948016,0.5561199234845502,564.6857356489332,NORMAL,0.8240446590327886,0.9645545062582019,0.13789639454186403
70.3286178119854,2.724154199239237,1838.3374140328615,WARNING,31.409530017984103,3.9574085659508693,0.4489224454292702
37.30304940260733,0.5579826447475712,742.6141871818412,NORMAL,-1.217341619199836,1.0820769562268653,0.1813465658563715
41.42825098054937,0.6391870128385965,836.9166333096962,NORMAL,2.1072605248361915,1.344164039590609,0.20437524622947403
66.76600382075125,2.4504419519974783,2611.246275654026,WARNING,28.44691560970733,3.4578411149582053,0.6376669781816913
33.400542203200445,1.0468543706724032,1119.0391529140925,NORMAL,-6.268992465160625,2.2167777824368367,0.2732696344112558
41.75839685874801,0.6921770141241371,929.3077676830123,NORMAL,2.758263054057971,1.2120785821070867,0.22693718380537542
65.5391562723892,2.676265498163328,1558.317161839152,WARNING,26.060266601510467,4.999751109570204,0.38054143146255237
43.056189132201986,0.355844024273274,933.7297193708338,NORMAL,2.804690388591826,0.5380012069644508,0.2280170254873831
31.53973792311022,0.5852895138855538,658.5422028767982,NORMAL,-10.898244965471157,1.2059367968959172,0.16081616675868088
55.00752820908072,1.9740302244205579,1964.322096927398,WARNING,14.14604767699975,3.557016856675933,0.4796879357576063
42.42737613039046,0.5057263741739424,479.0823275228569,NORMAL,4.303654201946916,1.0588094174801643,0.11699202137310302
40.5203036750514,0.7770771495955886,516.2009919106583,NORMAL,0.21649638268909854,1.521617040363625,0.12605640828099104
39.99062654137115,0.1,894.4579043258091,NORMAL,1.1626047837338223,0.178590456190957,0.21842683866320123
35.877497126231894,0.8723008733896758,807.5186153676688,NORMAL,-5.307230217157359,1.5200999624575169,0.19719624306902778
46.09492931066213,0.62350422105367,601.3296542356003,NORMAL,6.2907739623681085,1.2551045360226496,0.146844848409182
34.80447808367805,1.229881601392755,694.1248262889376,NORMAL,-3.5533940440027485,1.9427672574178407,0.16950545208521064
47.51290452904718,0.4281012058050369,881.6490919190152,NORMAL,7.70828959210028,0.8949613289683218,0.21529892354554706
69.66075302367678,2.883763420617674,2400.175459271255,WARNING,29.170659715999605,5.561282036545477,0.5861234332774737
49.79705671194143,1.2914253458232672,716.8697035060196,NORMAL,8.661518764365836,2.127836541846662,0.17505975665592666
42.40937128509358,0.8211118735058591,719.0515063595949,NORMAL,2.3815535117763833,1.2387554815477482,0.1755925534455665
59.135526679926706,3.3930943694622826,1442.0822291838263,WARNING,17.22514423699285,6.478795439686718,0.3521568325235229
42.01542980609683,0.8378626291401172,727.1019700981356,NORMAL,2.514538364850854,1.6207677045122573,0.17755847865644336
50.029528493651625,2.1317839514356622,1200.0,WARNING,10.970589135797502,4.187254816148079,0.29304029304029305
47.67045144651932,1.139393429031531,718.0325595330121,NORMAL,9.621832864504178,1.6385935214481515,0.17534372638168794
77.66043016199937,4.300093353132149,4006.666590110319,FAULT,37.32446528887806,8.689082156777538,0.9784289597338995
45.88930969404289,0.6900825131764703,661.4447679802695,NORMAL,7.172698271892349,1.312676490298322,0.16152497386575568
34.328759868608294,0.4134249976890645,881.1529493100156,NORMAL,-7.619014952693228,0.8450475523076255,0.21517776539927122
43.40035766433715,0.9995063375555522,715.1694233940135,NORMAL,3.0800793955229895,1.9125319411731951,0.17464454783736594
41.51893965393095,0.9768707362726874,1130.1582950278935,NORMAL,1.123409039029137,1.755861673995726,0.2759849316307432
64.1261606082985,2.2710658925645553,2048.143226899909,WARNING,22.486262772416303,4.80255835813464,0.500157076166034
30.615656720630525,0.3513909954724005,784.1103029783972,NORMAL,-9.001789178691716,0.7585626114716646,0.19147992746725206
42.13350899587609,1.1459474027392849,896.5851679719096,NORMAL,1.0718747819782677,1.8613168174507746,0.21894631696505729
61.41949152488269,1.5,1200.0,WARNING,24.871407504706404,2.601451914697563,0.29304029304029305
40.55226554645283,0.9229359675467275,672.542588542473,NORMAL,-1.6398231102336727,1.353808862868156,0.16423506435713628
75.99029067625935,5.862184038131418,2952.3917869286315,FAULT,33.33690926694483,8.565567716541999,0.7209747953427672
84.4673897235283,5.3939506374539485,3732.4771901831523,FAULT,45.09316884655014,8.327641733142306,0.9114718413145672
39.64808081954355,0.8824654694017743,1012.4495308182272,NORMAL,-1.918821460729268,1.4877003593633253,0.24724042266623375
49.838845446953286,0.9395054328457819,972.9845476534572,NORMAL,10.034658426354241,1.7944518975774633,0.23760306414003837
32.906370429822736,0.6637395671428906,704.6029421379095,NORMAL,-5.4848632879668715,0.9988323921803446,0.17206421053428803
40.621137489798656,0.8076246402559182,1159.2937281807592,NORMAL,-1.0491883655204712,1.1800983859098184,0.28309981152155295
56.079140921117656,2.6032687302198823,1666.7884283010615,WARNING,16.16579022524157,4.861100663752051,0.4070301412212604
39.2083643147539,0.5141540159023299,522.9094422464641,NORMAL,1.085487264699511,0.9301516994868253,0.1276946134912
45.99993824291307,0.9002617733126385,829.3429413995102,NORMAL,6.152337207301292,1.3915629370699532,0.20252574881550922
40.699890530572816,0.47423753474598057,580.5660671046123,NORMAL,-0.07344070752372311,0.9655182422558113,0.1417743753613217
81.41304411731163,3.8,2842.4124861942414,FAULT,38.49596008912821,5.835475981071083,0.694117823246457
31.49251952626154,1.1083100326449373,940.6733708864392,NORMAL,-9.894726978966306,2.199673967253503,0.22971266688313535
31.142334477450767,1.047287621180536,656.1111379170757,NORMAL,-11.20872755111706,2.1041567292734453,0.16022250010185
59.05894293066984,1.8718555711635216,1329.6768367913023,WARNING,17.56096878423133,3.5380417205898054,0.3247074082518443
35.60231828495474,0.5236749336896176,814.2297604543427,NORMAL,-7.4277060712814675,0.9689442899054391,0.19883510633805682
33.730596661254935,0.918313872193161,519.787144477008,NORMAL,-5.591258872214921,1.8615293920066132,0.12693214761343297
35.69122552070157,0.7718775025471782,720.6758880944343,NORMAL,-7.648071085832047,1.1042492662263983,0.17598922786188873
38.91026868948529,0.21013958847498815,753.5065763440667,NORMAL,-1.3466268004198045,0.34429368894706086,0.18400648994971106
37.89460747297493,0.6630102566987561,603.4679201156409,NORMAL,-5.320120238934413,1.2926936465276126,0.147367013459253
56.97344493902477,2.508388118852583,1950.1152489663962,WARNING,17.831176743049873,4.277721440485993,0.47621862001621396
40.467304147310756,0.5231596269361216,792.427777797924,NORMAL,-0.7573098444640516,1.027157442232718,0.1935110568493099
40.56877986439919,1.0475886097632199,989.2807528847497,NORMAL,-1.2325520523084261,1.9876314012415175,0.24158260143705731
77.59310449919582,4.872363585679035,3476.749992836273,FAULT,36.98478663571602,7.322437364338858,0.8490231972738151
44.950664473576566,1.3035605091089684,597.7378986710506,NORMAL,5.367926048218051,1.888359393734853,0.1459677408232114
44.0617066498841,0.6751673204475823,725.6526084567687,NORMAL,2.7372854336259373,1.2971311763811446,0.1772045441896871
59.32855138128135,2.8553508306026254,1289.9268588807608,WARNING,19.35358685209823,4.962617231446115,0.3150004539391357
40.77455929866855,0.7012228824468528,781.3918914886875,NORMAL,1.0002628625802916,1.3265427005877415,0.1908160907176282
43.47893659569804,1.3177584418641735,899.1996239130548,NORMAL,2.7489945552445407,2.6977040327218096,0.21958476774433572
39.949836736213086,0.7519284143135485,472.64370613925837,NORMAL,1.9040435489259515,1.1213717619321575,0.11541970845891535
41.072930373521174,0.6485150966605234,1224.1371049206318,NORMAL,0.3712674300850982,1.0305968086200028,0.29893457995619827
33.64126525234957,0.5601312245275433,251.3401817849686,NORMAL,-6.608442429422373,1.0502100774665475,0.0613773337692231
58.18976402909881,2.162569710987043,1274.8531439590683,WARNING,15.783631659259528,3.8087162575120024,0.3113194490742536
40.17071064454921,0.45327832502491133,475.8259883302893,NORMAL,1.4598819982514337,0.6450454141588724,0.11619682254707919
31.37054997604965,0.8799192770151936,888.9680510523405,NORMAL,-9.595482523803275,1.9014072730557714,0.2170862151531967
40.898757828856574,1.180303949534848,853.5944918135391,NORMAL,-1.6654438414506778,1.8576950579529097,0.2084479833488496
46.542592261630084,1.09587282706483,682.7794890668404,NORMAL,8.226110803040877,2.228061881483116,0.1667349179650404
44.79915224996866,0.8942874308671452,453.5994026395392,NORMAL,6.418418499926151,1.6968930319531157,0.11076908489366037
27.784621070603425,0.8660788660306109,832.8378387773735,NORMAL,-14.376237771620218,1.838197758131763,0.2033792036086382
37.54513858717077,0.6182270145319892,638.6612205814779,NORMAL,-3.731831321487964,0.9406820172850208,0.15596122602722293
38.80717490898197,1.0775572337019836,371.86096676871273,NORMAL,0.39430711875683633,1.9193778045645729,0.09080853889345854
43.68912696186453,0.6079651768220639,860.3596653603629,NORMAL,5.356327764458263,1.111969325084871,0.210100040381041
71.92669747655874,1.617206190754565,2046.693338520609,WARNING,33.749781447767454,2.346962165153838,0.4998030130697458
48.577342960849954,0.6802202801384118,419.8770337551022,NORMAL,8.064767291194304,1.2950984544129798,0.10253407417707014
37.434746947783,0.9166111150795447,959.6404438226746,NORMAL,-2.6723094806657723,1.922371986437572,0.23434443072592787
43.76934389418818,0.8224488997114031,595.8566311027288,NORMAL,4.684766424070936,1.6985161198347576,0.1455083348236212
38.84547974235913,0.5614979514816894,579.430323730456,NORMAL,0.24665573304945188,1.1906200776261155,0.1414970265520039
41.90460716886113,0.8034239005844424,621.9515488352898,NORMAL,1.361196342383646,1.6283656249124236,0.15188072010629788
39.529172240396946,1.1271762786063388,710.7986138282043,NORMAL,-1.6157898794083292,2.404066324556377,0.17357719507404257
69.83647420510064,2.203447279798706,1200.0,WARNING,32.00447780412507,3.294249756590291,0.29304029304029305
86.39712932242256,6.255701817200071,2884.2182617068006,FAULT,46.88996404871584,10.678100620460445,0.7043268038356045
35.89812239932631,0.5526861175559104,684.7954780766677,NORMAL,-4.821491769384628,1.1159178369918428,0.16722722297354523
38.64883803995421,0.7108884654587985,1151.8316604040403,NORMAL,-0.5285690332955426,1.499090816180186,0.2812775727482394
45.415994013440994,0.8450861974110888,655.3465181036494,NORMAL,4.633163581721696,1.2098623227659009,0.16003577975669092
64.17194167849837,2.8816633197194497,2492.432083862991,WARNING,23.75978475698288,5.377520366645818,0.6086525235318659
39.5217362775335,0.9511095723173273,662.8645306272746,NORMAL,0.8797500528964153,1.9544463403971286,0.1618716802508607
44.43721159223295,0.6005523564892902,673.2845325855083,NORMAL,3.485821117363989,0.9733917252022196,0.16441624727362839
34.58161160320209,0.4769499133919757,1069.248315755975,NORMAL,-5.668230714100669,0.9106213410895383,0.2611106998183089
58.000744109853954,2.882414257119576,1200.0,WARNING,17.38317693177538,5.87687923450005,0.29304029304029305
32.91625206402883,0.9243106111439584,766.2944253134007,NORMAL,-5.214959445007494,1.5515288653087114,0.18712928579081822
38.89853767349968,0.821905178259434,891.5104160200281,NORMAL,-2.641602229314269,1.362369564207355,0.21770706129915215
41.79843529783198,0.8779010140233021,601.1707604572584,NORMAL,3.3396345938509424,1.3001589533221383,0.14680604650970902
34.4248002329028,0.5341942342878733,770.53886531892,NORMAL,-5.045420324293421,0.9821685560801214,0.18816577907665935
39.1649986282142,0.6324326933800739,1013.7574609041209,NORMAL,0.4288077694524379,1.0448138774912217,0.24755981951260583
44.55730304791158,0.8099524258571772,491.8362039736185,NORMAL,8.149324431797796,1.4784340063555887,0.12010652111687876
62.093131321408634,3.0197001622333404,1966.787589161638,WARNING,22.284955056346544,5.062670627531021,0.48029000956328155
39.15786784184763,0.8715166007108158,637.8735908429476,NORMAL,-2.661508475429656,1.6894751201777756,0.15576888665273445
82.77278744298995,4.693116507520336,3181.0511289012047,FAULT,43.243162176542754,9.298427007742015,0.7768134624911367
86.86621804032067,4.808830978124078,3730.5959774945354,FAULT,48.16884788866722,9.950700395737574,0.9110124487166142
40.822206151149125,0.5667890049368645,643.8919034419979,NORMAL,0.8052401631298035,1.084868763374164,0.15723856005909595
30.289252283744197,0.6326124967790269,433.5978449120375,NORMAL,-11.878658457936513,1.1602603035523065,0.10588469961221916
39.85015996476229,0.7003432648734265,858.073191407323,NORMAL,-0.9475843031572168,1.3407138540995798,0.20954168288335115
72.00504619948715,2.2755322545600567,2469.12828401673,WARNING,33.01241356143831,3.8432858041713938,0.6029617299186154
52.28460250998151,1.590086496884786,2293.7456971717884,WARNING,13.632800348540993,2.776561045939947,0.5601332593826102
41.83366099071237,0.6601758210253741,522.5922978660452,NORMAL,1.068834686054105,1.367811718926197,0.127617166756055
71.98294470964736,2.6203439990604194,2313.7423067692434,WARNING,29.607559203175196,4.785943446073361,0.5650164363294856
41.22632687448233,0.853027905981866,791.7439910069196,NORMAL,4.7401323443849055,1.4424481024412024,0.1933440759479657
32.674418889725246,0.5454311580099335,600.26456085637,NORMAL,-4.4922804284794235,1.1489156094107476,0.14658475234587792
69.30552562558773,1.5,1227.200940493724,WARNING,28.064488957859062,2.8759788468197414,0.29968276935133675
42.34219559722822,0.9188759452264432,787.0294970179218,NORMAL,1.901779696185138,1.732312176127573,0.19219279536457187
39.99962236694692,0.9243725386469852,340.56660292613435,NORMAL,-2.5815747675331573,1.9080518450889628,0.08316644760100961
37.82997630850676,0.7972972437323397,898.9137227377471,NORMAL,-3.2465200961363565,1.4844785720899754,0.21951495060750845
44.764154309058284,0.5896219160421361,756.8120963987111,NORMAL,4.2833900388219,0.8820642517507852,0.184813698754264
78.86256882690468,3.8288694586749967,2883.2332625538406,FAULT,39.407422880356336,7.4705895603703185,0.7040862668019147
72.0,4.6278899759198255,4095.0,FAULT,29.935139223528807,8.925408200752,1.0
62.88933724408098,2.3607002087086033,1708.092071323795,WARNING,23.507399523782528,3.8312359583768067,0.4171165009337717
37.621761160467805,0.8356056440199967,479.7722745452771,NORMAL,-2.230059137354097,1.6168696825154552,0.11716050660446328
41.725621203060356,0.8182062355163162,413.53847072901004,NORMAL,4.779361607867914,1.3757739814475012,0.10098619553821979
41.800253640404186,0.5703992110611342,421.9409574188995,NORMAL,1.6455950202388776,1.154537744526745,0.1030380848397801
36.108641367684534,0.5031071174152596,557.9496259239961,NORMAL,-5.475048126046195,0.8878559725300401,0.13625143490207475
46.10039257119139,0.7464965688233957,631.7268470333072,NORMAL,4.379898643625996,1.2619026850419872,0.15426785031338394
48.72020543505417,0.6552584853552665,1000.4743189182034,NORMAL,12.035262739407486,1.0241023435553513,0.24431607299589825
34.076712536136554,1.0406574794091872,778.8812625371565,NORMAL,-5.009913928246144,1.7628576526590385,0.19020299451456815
40.787313761992294,0.7236829111068945,1009.7042379728834,NORMAL,2.2070228557205382,1.1223227504736397,0.2465700214829996
34.55745722255536,0.756079286216148,832.0115588378591,NORMAL,-5.550607139690664,1.4519873692207421,0.20317742584563103
39.73195269964329,0.7109791370645757,884.5602247238512,NORMAL,-1.2942778614512225,1.0371244971344253,0.21600982288738735
77.35556923595344,3.8,3827.1178859342613,FAULT,37.25623587114793,8.166264252197728,0.9345831223282689
49.795476762535706,0.9982480425128113,1091.5930844642435,NORMAL,9.365898691684887,2.1017630539413017,0.26656729779346605
39.688007257088465,0.9355931469106687,644.7628141727926,NORMAL,0.9893380868407324,1.5863200002520979,0.15745123667223263
50.0,2.604355133181775,1389.9256351140104,WARNING,10.588759276360898,3.693402967178673,0.33942017951502085
66.7367531077381,2.3743727076088663,2672.0095426395064,WARNING,27.64222598552384,3.595216477815408,0.6525053828179503
55.6551537379709,1.7659127539248238,1875.7107955165363,WARNING,15.686827715696879,3.806728512038951,0.4580490343141725
40.030146635855175,0.7047029942582944,524.7675368601206,NORMAL,-0.44579094149167353,1.3459844224922513,0.12814836064960208
41.398313350789806,0.838759882277,626.6366395466773,NORMAL,2.370312599374186,1.547497420226447,0.153024820402119
37.88486127423344,0.931481202829844,672.9119652262622,NORMAL,0.32815901290843597,2.0449797823207554,0.16432526623351945
45.42321511672969,0.7256846701643643,697.2567883845297,NORMAL,4.043652684468629,1.1890064501934872,0.17027027799378017
63.24116207972867,1.9693902959786251,1200.0,WARNING,21.996996615163606,3.468963824699433,0.29304029304029305
38.77398329157403,0.8436685882062417,724.8823578770827,NORMAL,-0.10628464597953258,1.492627678167076,0.1770164488100324
44.44097270670438,0.5925703207352779,682.3559969299896,NORMAL,5.475230197722793,0.8708127899740166,0.16663150108180455
65.94094596582731,2.1818496856228875,1200.0,WARNING,26.113207215991753,3.599400133238052,0.29304029304029305
67.09603172967577,2.689882487235965,1888.2351785324659,WARNING,28.75657465066665,3.9098272338492586,0.4611074917051199
43.41017388416705,0.5993561939430878,504.7346842473948,NORMAL,0.83853446358065,1.2221897178475567,0.12325633314954695
41.20468432035256,0.1,478.34720877862424,NORMAL,0.4683663173875172,0.1858984439684599,0.11681250519624524
43.0044125434601,0.6033374229366083,899.1963454760482,NORMAL,1.0219299150439651,1.0436859124774687,0.21958396714921813
40.7149501408358,1.0713979306034997,928.2518997771332,NORMAL,0.4877718356414921,2.0081564892923605,0.22667934060491654
43.101386780588484,0.723524858790934,645.2196657669181,NORMAL,3.7143496454308766,1.0149343963399557,0.15756279994308134
33.72908244707539,0.41268112889596476,1212.7019717292537,NORMAL,-6.9298683942993105,0.7847598676185673,0.2961421176384014
38.04186144750371,0.9573867860797266,1011.728473915246,NORMAL,-0.11470378422165561,1.6607673737277802,0.24706434039444347
62.534858112950424,1.7844832813310934,1200.0,WARNING,22.72607119469603,3.402757004131079,0.29304029304029305
47.62722118220139,1.104343798773699,616.4868991661963,NORMAL,9.213876879291405,1.8094086514871004,0.15054625132263647
34.19935169233236,0.5968861879870364,726.6854115832327,NORMAL,-5.214938194595402,1.0796773898569447,0.1774567549653804
37.780090201769674,0.4704252803854605,651.581438814009,NORMAL,-0.4831239529346698,0.7895291491995847,0.15911634647472747
35.50788529695205,0.8735586247662852,498.7004790961688,NORMAL,-4.46877893124746,1.2558887655233437,0.1217827787780632
36.988300084868854,0.4485982629663266,703.761043831558,NORMAL,-1.4176544557611928,0.7871521943187278,0.17185861876228523
63.80734762186014,2.1061806352275343,1390.653743062282,WARNING,25.59645735973437,4.4467786569054555,0.33959798365379296
43.43173107435625,0.9491669670263676,657.4045282455877,NORMAL,5.344661804630716,1.4717687541097182,0.16053834633591885
66.85510825484387,2.0567662259377495,2669.4068821244127,WARNING,29.892989726961204,3.1160730389776314,0.6518698124845941
67.75565394229791,1.8710828446794912,2102.9303681539336,WARNING,29.30650681839101,3.015847352517406,0.5135361094393001
41.55061260313263,0.82040651952667,724.1137878960975,NORMAL,0.3584575620859245,1.6712280216915136,0.17682876383299084
73.0,2.8783533464506124,1215.0319545126308,WARNING,34.70109926244852,4.655734672531443,0.2967111000030844
44.88406491234805,0.5712111228952553,949.1555577621241,NORMAL,4.729983350894424,1.1462871415371936,0.2317840189895297
48.03298402617402,1.0190281858321546,585.3083035431387,NORMAL,9.467056875898622,2.110560988222434,0.14293243065766512
63.8018657188745,1.8038189491554502,2128.4612802387037,WARNING,26.47459629686793,2.6469253253225933,0.5197707644050559
62.856669984421536,2.2411681596271498,1348.0319830063984,WARNING,24.487615429260593,4.23449640688334,0.32918973943990193
43.754722985948405,1.1262520473374211,138.27327122334952,NORMAL,7.1734442673264995,2.0115424131424904,0.033766366599108553
54.70227076134553,3.0408580293409813,1752.265008680096,WARNING,15.932091821170415,4.732399705012742,0.4279035430232224
62.31782615016804,1.9449248115421245,1327.688196622828,WARNING,20.298891279124796,3.4092398875290497,0.3242217818370764
36.81124248773295,0.5499323297393635,667.4303136131244,NORMAL,-1.950474108977311,0.9207110845215857,0.16298664557097056
46.66595351421617,0.7158779404691169,669.8945600715748,NORMAL,5.612724804091011,1.3183430836039596,0.1635884151578937
63.122459028330425,3.464986975795674,1564.7725109816329,WARNING,25.533253033467705,5.634989475979536,0.382117829299544
43.367456390491625,1.1252306554141827,291.2183477411403,NORMAL,3.1617005210728073,1.7081591994561451,0.0711155916339781
41.60843287933113,0.8721189894727052,781.6612511196952,NORMAL,3.7834424914128033,1.4375175109563927,0.19088186840529797
44.98672723291793,1.1439124364916196,761.6008612983065,NORMAL,5.52904569003454,2.1148520479431476,0.18598311631216277
35.611932066861726,0.6391556275879982,284.99274844078695,NORMAL,-7.534406838844517,1.2580138448238989,0.06959529876453893
36.598685987385764,0.4076953512757475,706.3516759176666,NORMAL,-2.4783746013806236,0.6158933431251779,0.17249125175034594
44.13797292599314,0.7175194594844694,779.3095294902203,NORMAL,3.410702950779961,1.5556042238066377,0.19030757740908918
49.29237204903093,0.6961473777115372,560.1907558060301,NORMAL,10.507773041642412,1.4603591519199643,0.1367987193665519
39.67961629918422,0.8444261409540632,385.4999751736312,NORMAL,-1.2053858194787592,1.6111272201992461,0.09413918807658882
40.80146860548137,1.0563632870510142,367.07993972303143,NORMAL,3.348266148507301,1.9978138916102175,0.08964101092137519
38.38070108107327,0.9685263249488424,387.2746541090579,NORMAL,0.9453887187678882,1.6519660881770994,0.09457256510599704
65.2341870879612,3.697743979027579,1334.7656733235758,WARNING,23.48919399731241,6.16296524405902,0.3259501033757206
35.140315814572745,1.0605041556609072,797.4544436288561,NORMAL,-6.390759083534469,1.8251454369226379,0.19473856987273652
34.46807047017281,0.47001937154159606,815.6964206544163,NORMAL,-4.5493066425715964,0.9289476592240268,0.19919326511707358
42.839400337269986,0.6788616561497817,778.4178410723946,NORMAL,6.650171730409005,1.3471097542628014,0.19008982687970563
39.27318228422895,0.9023518296253921,543.5447996241584,NORMAL,-1.5664235792437786,1.343062074313465,0.13273377280199228
36.00968632379469,0.9535246183941533,527.5606264882725,NORMAL,-5.120938384555668,1.5391976423674736,0.12883043381886997
33.199961614384705,1.015976256947423,947.1112345632628,NORMAL,-5.856597914197125,1.452312946955674,0.23128479476514352
63.59965124000357,1.5,1755.4094561131678,WARNING,23.564146192007673,2.591867049384308,0.42867141785425344
38.221934358515206,0.8398218676055677,569.7909155203331,NORMAL,-0.15026405025612677,1.3179251338457811,0.13914308071314604
51.25338015515434,1.0630384696746158,654.3947628837846,NORMAL,13.674666097362103,2.262003839415094,0.15980336089958108
34.52863290412005,0.9794709865385354,346.0977156134491,NORMAL,-4.177673224837258,2.0224991680397064,0.08451714666995094
80.92225300548533,6.437105658403251,3202.2237199778274,FAULT,42.43134625277553,9.483373350844744,0.7819838144023998
77.0330990616306,3.9065239450159535,3238.17422586983,FAULT,36.571664215600535,6.198742036130455,0.7907629367203493
38.34435850858764,0.7114039985168996,353.8655570970726,NORMAL,0.6696715242806706,1.2289390071681332,0.08641405545716059
40.716538662539364,1.1369808164081907,805.3140012522404,NORMAL,-0.32691460129078265,2.1475339204934234,0.19665787576367286
40.7496691424908,0.6241038578876235,723.314060207309,NORMAL,-0.11807534177762946,1.2894616547925426,0.17663347013609498
35.534020264816036,0.9170218301592625,1170.8925709765654,NORMAL,-3.0529881512014323,1.3333382371563929,0.28593225176472903
37.232978355992174,0.5314634199329024,1073.565844672511,NORMAL,-3.9670750426396406,0.876178809535077,0.26216504143406866
38.98670546417223,0.7215238971027572,702.3922285872134,NORMAL,2.5718180481986277,1.1368479380612935,0.17152435374535124
34.748905048709545,0.8668876184087555,846.9394071227107,NORMAL,-3.544080266995989,1.7369404469693197,0.20682281004217598
44.00464823332563,0.9218214277006236,667.0786795463123,NORMAL,1.9100382500097255,1.318410459968335,0.1629007764459859
44.9151669812962,0.5471825415910572,542.2414629188061,NORMAL,5.62245826346995,1.1282222874660999,0.1324154976602701
41.66382488627058,0.6516923212734779,542.7262295856206,NORMAL,3.3824224612411338,1.3268299808337953,0.13253387779868633
62.96493647219769,2.0232102270549364,2128.5656157438807,WARNING,24.363956149280888,3.1091606185934593,0.5197962431608988
61.61315546648268,2.876432709131591,2227.026646952455,WARNING,24.901797481316873,5.301919010111754,0.5438404510262406
42.97035127619535,1.0777309241259643,920.0210235669089,NORMAL,3.5458160604408917,1.8570543904172012,0.22466935862439777
47.61926008599902,0.5472255529172622,723.218419115661,NORMAL,8.994380137564377,0.9406837034524717,0.17661011455815898
41.16324829105273,0.8078070314645299,588.921386173408,NORMAL,1.1647143749125335,1.7067377962512693,0.14381474631829255
49.93381518584581,0.3023050488186924,808.2588464652123,NORMAL,10.974833129820357,0.43760241452195264,0.19737700768381253
40.11526104129735,0.8975112138373393,617.0762456490999,NORMAL,-0.5456197800564222,1.4421704297142672,0.15069016987768005
37.588173424457544,0.9867270610406317,835.5592946228098,NORMAL,-0.7764322132953474,2.0624669955397885,0.20404378379067395
77.79063652404466,4.827590453411928,2950.7221432756805,FAULT,39.901895424270755,10.185994842806178,0.7205670679549891
29.23753277793848,0.5526071814317148,718.876141413717,NORMAL,-12.816132820791129,0.8946814561035703,0.17554972928295898
41.87791153221799,0.9596783188311928,960.9451836287026,NORMAL,2.3792452195665623,2.009504207697282,0.23466304850517766
41.08198284136005,0.6190349973789674,856.6654815591356,NORMAL,-2.3184258747035758,1.2714534212616493,0.2091979197946607
60.44163646285705,2.7017847512039594,1534.8556683043244,WARNING,19.315930260191518,4.6996033772036006,0.374812129012045
35.585855061389815,0.7655899471588757,734.1158581182458,NORMAL,-5.679843460031954,1.2789456591957475,0.17927127182374744
34.442847761188226,1.0769350133449396,881.0620214726359,NORMAL,-7.622795852261856,1.9520261160888617,0.2151555607991785
42.706156485988366,1.0715003360365456,875.8467421170033,NORMAL,1.3713783575770364,2.120372927805706,0.2138819883069605
32.15371936302768,0.5747749779288253,920.7780437823288,NORMAL,-6.555812269551546,0.9442377045565667,0.22485422314586784
45.873001189786706,0.6633199273593894,1166.2941162112872,NORMAL,6.574715506328834,0.9652622813267435,0.28480930798810433
46.29868271435817,1.1371705596944934,558.8267596181938,NORMAL,7.045013423215979,1.7740272747334824,0.13646563116439409
33.990316595665135,0.1242097470657656,761.1186267940931,NORMAL,-4.84980823111723,0.24414533867053098,0.18586535452847205
36.0591722055617,0.6444713174348535,531.7928377885373,NORMAL,-4.266676721662668,1.3997160351886007,0.12986394085190167
39.1606138672686,0.3857249868452161,745.3515925907165,NORMAL,-1.6742737475129839,0.7543922414079786,0.18201504092569387
48.06096521406194,0.842104585571863,638.9870576602046,NORMAL,7.759979031908099,1.591932065346041,0.1560407955214175
40.39613507045306,0.5137776477617969,672.744310668223,NORMAL,2.439672021927315,0.947510772827529,0.16428432494950498
49.02985054966237,0.7231455253575315,554.9286884508751,NORMAL,10.594569444974816,1.1472072659085004,0.13551372123342495
42.09794572599031,0.44965567357388686,565.6351486679667,NORMAL,2.730718751857504,0.7546461502662278,0.1381282414329589
36.55725733768223,1.1104997871940756,738.8220426921167,NORMAL,-4.645069179272628,1.7871240710646663,0.18042052324593816
33.72165657168759,0.6541824667740913,1028.9422474359862,NORMAL,-7.57153334058421,1.1969147145450274,0.2512679480918159
47.415195873826505,0.7947192773291846,899.8976258648436,NORMAL,9.860742909424813,1.2060379856001007,0.21975521999141479
57.54036665206272,2.560207596177229,1314.0217357816018,WARNING,16.7582527428531,4.618434280094881,0.32088442876229595
38.36741176690638,0.679696236702651,250.8372399925717,NORMAL,-2.0149784502494548,1.346386669873011,0.061254515260701276
41.21882880265437,0.8497805119630112,508.99582426351066,NORMAL,1.5075693308974527,1.699676450976519,0.12429690458205389
38.03344574109421,0.7219761770612304,840.388299463534,NORMAL,-2.3524585927127126,1.0254048201861203,0.20522302795202296
33.40978088262272,1.169517177322955,291.53442953010676,NORMAL,-5.56690941313754,1.7661420729363544,0.07119277888403096
44.88460782287491,0.5910875242848812,782.3874198127751,NORMAL,5.0424727144620345,1.0908406282746728,0.19105919897747864
63.27093678364125,2.1543562101470277,1555.659492472626,WARNING,22.398318702341946,3.0429219365253837,0.3798924279542432
51.96340994989555,2.170020016585983,2161.4105421266986,WARNING,10.62090707853061,3.538912601241734,0.527816982204322
40.98509466271738,0.9127060721828957,646.8149686152514,NORMAL,2.229796188135538,1.702632226758413,0.15795237328821768
80.81096300452977,5.657108417931656,2700.0,FAULT,40.50544299725007,9.193716802024577,0.6593406593406593
37.35042950683162,1.1606245853908053,970.0217611031678,NORMAL,-4.045548542716938,2.1241072609968317,0.2368795509409445
42.8889697711219,0.887322056407567,1041.5852934966451,NORMAL,3.1626857984749517,1.4148102632869088,0.2543553830272638
56.25266625311353,3.269318548694921,1829.9608134519829,WARNING,13.864810532556987,5.6148939747331745,0.44687687752185173
72.78577368373779,5.252540733040114,3870.119667117946,FAULT,32.89007985686528,9.339913030376604,0.9450841677943702
55.0,0.8850980863348079,939.1969276686696,NORMAL,17.83050169659978,1.5430692291525419,0.2293521190888082
43.870000010378924,1.1754020420281863,500.0398786890686,NORMAL,5.139958185128669,2.082379683626561,0.12210986048573104
38.986236252835646,0.8681962556804187,686.0309321767238,NORMAL,-2.178368839495783,1.8051102810759618,0.1675289211664771
38.12125044509037,0.940041558241886,788.6273959045403,NORMAL,-1.6306651474496554,1.6075421220663244,0.1925830026628914
66.99336274505774,3.339510934075512,2242.6919740376943,WARNING,27.23131777886833,6.117901018393041,0.5476659277259327
63.46406347778764,2.7840761151876103,2183.182382935227,WARNING,24.630394829266166,5.208615251620221,0.5331336710464535
45.211676842204966,0.41602601230046876,558.2423475670382,NORMAL,5.46002044650536,0.7184896191428769,0.13632291759878834
30.289339170408766,1.3967522071407523,663.034953899377,NORMAL,-13.193181710323659,1.9589995277726682,0.1619132976555255
37.91827357350112,1.0674389613712978,829.1915854380104,NORMAL,-1.495009460052378,2.1045679944234186,0.2024887876527498
35.45336491720029,0.5442019903821057,766.6329212721577,NORMAL,-4.96100775224196,1.0297086825599604,0.18721194658660748
68.76678090144901,2.558598122916089,1431.4859270202714,WARNING,29.62068345738034,4.099323774135186,0.3495692129475632
45.441102382246726,0.7453221161645858,708.2422536978847,NORMAL,5.741109143224084,1.3362254003153602,0.17295293130595477
46.65315388180324,1.1186012539780308,524.7637488870255,NORMAL,9.084707410664414,1.7937446013730434,0.12814743562564726
34.97516423308948,0.93544044447868,1004.16733419037,NORMAL,-4.587689840470725,1.9124458566412708,0.24521790822719658
63.3371474411418,2.949809626081706,1200.0,WARNING,24.325237836810373,6.359121686939899,0.29304029304029305
37.86655115003099,0.7978594773832286,1216.3544904121009,NORMAL,-1.6175794875395957,1.6888859409582198,0.2970340635926986
42.75651109034878,0.30644411265318117,475.8747806439658,NORMAL,2.5608038132578272,0.5561925172423832,0.11620873764199409
42.92659015046143,0.7460514070141105,479.9429586261193,NORMAL,0.6530313602125895,1.218249429743139,0.11720218769868604
34.45384528375197,0.3774466430426419,551.3668719185513,NORMAL,-6.320280041958048,0.6701086620201451,0.134643924766435
43.048952530196395,0.500280437516227,937.7842904065546,NORMAL,1.3564223879712498,0.790040362634871,0.22900715272443337
40.94521721207055,0.8798808401874963,531.6966984422309,NORMAL,0.46231751683036626,1.5557917145163056,0.12984046360005638
29.748911613084516,0.7419881417071387,765.7650990998454,NORMAL,-9.043911398173844,1.3813450748436669,0.18700002420020645
41.506452419912875,0.6577061569305498,448.22409111303,NORMAL,3.2698896807832982,0.9536230591136375,0.10945643250623444
54.79312722946588,0.830688880349,814.6502531766644,NORMAL,17.730078039843022,1.6198051038061718,0.1989377907635322
42.90794901430595,0.4600638179293864,989.5005170336005,NORMAL,1.1202848163155967,0.7245263445873459,0.24163626789587314
37.245533974414286,0.41277777194865367,715.5611885784514,NORMAL,-3.4826864009464433,0.7661582333716637,0.1747402169910748
35.77177785802385,0.5940927017200591,683.4263302525233,NORMAL,-3.4894988915146268,0.8923905263443803,0.16689287674054293
34.078363307441684,0.6975184146939911,782.3606125635945,NORMAL,-7.223228954265391,1.3282754852817074,0.1910526526406824
36.670715164903065,0.8413842241593104,471.9471458176701,NORMAL,-3.6224100322109267,1.7167137753750035,0.1152496082582833
66.1797824578517,1.8867903704417746,1200.0,WARNING,27.27578524878975,3.4699245624080253,0.29304029304029305
38.0068803763305,1.0226693594718947,182.70770643557353,NORMAL,-3.0242787041730548,1.4737205289890043,0.044617266528833584
32.11275603086497,0.7645678742916072,923.473297516615,NORMAL,-6.330187694878445,1.4787691553929576,0.22551240476596215
65.11224898827318,2.7077645627686775,1851.5642935953035,WARNING,25.716245332834063,5.25293431975276,0.4521524526484258
38.94971793677091,0.7533925154729941,882.1568159121,NORMAL,-0.4102220177063036,1.3372484975079189,0.21542290986864468
45.32211344205454,0.9274232850405923,691.8972528070897,NORMAL,4.998366323143724,1.970710020801423,0.1689614780969694
40.90517564798502,1.2386833907888235,838.9200155997365,NORMAL,-0.2567711703850091,1.9431698669921509,0.20486447267392832
46.27732160973157,0.7160043994767211,455.9476358730568,NORMAL,6.077569771408569,1.5381769691435394,0.1113425240227245
39.7549415060277,0.937135382190029,572.6893292361792,NORMAL,1.30653088194425,2.0509290800068443,0.13985087405034902
81.15645157430747,4.25138362373146,3437.7514115932345,FAULT,40.29722961745978,8.269887562796912,0.839499734210802
44.647922349713554,0.8864969962916252,748.3794741505066,NORMAL,4.847713365745862,1.4381821929880696,0.18275445034200405
41.80601529885838,0.6958283004918197,287.4621757877291,NORMAL,0.1260954443584299,1.4769048015317183,0.07019833352569697
37.09074895091564,0.3762228326650498,840.2684174675637,NORMAL,-4.640414456633595,0.527701369552541,0.2051937527393318
45.05969828183951,0.47591162370583895,538.2235405644276,NORMAL,5.097271340404019,0.6829090826175226,0.13143432004015326
39.64738291018825,1.4626769342793973,556.4915714903469,NORMAL,-2.217049474738321,2.911496177097895,0.13589537765332038
29.064570346808885,0.7965712344735203,343.5601082589897,NORMAL,-11.75100252282289,1.282420591140983,0.08389746233430763
65.34390814808076,3.8,1200.0,WARNING,25.55907731473426,7.364481700779448,0.29304029304029305
32.635111954442124,0.370418421550183,936.6174467405635,NORMAL,-5.153262408893668,0.5960315942697822,0.22872220921625483
40.23670940453567,0.3027663586872693,724.342855685095,NORMAL,2.079336096995453,0.5714714533504648,0.17688470224300243
39.44574639473497,1.0675062192060962,838.9869621942258,NORMAL,-0.09867367245329384,1.5684008424920712,0.204880821048651
69.1871055613649,2.450434850507485,1901.5469821843508,WARNING,30.30329619967404,5.346447449525986,0.46435823740765586
45.65822254597944,0.8499738803588768,1108.5728153477944,NORMAL,5.886027199684628,1.3934557246915074,0.2707137522216836
62.646197283807304,2.9078858659007545,2312.9359889850425,WARNING,20.54623902405609,5.9761126095643995,0.5648195333296807
50.933930444868935,1.3598535159662917,574.1096755330573,NORMAL,13.360508446441921,2.3996546239527987,0.14019772296289554
81.18178170322452,4.942825874570095,2700.0,FAULT,41.11368343209882,8.877466730291168,0.6593406593406593
38.761893106531915,1.0088156407281872,851.0247024071908,NORMAL,-1.118313145896486,1.952984784152102,0.20782044014827614
44.87193101672247,0.5486095034105796,852.1981729516352,NORMAL,3.975405614238657,1.1408823196864042,0.20810700194179127
47.46227693575775,0.8966449200716352,400.40154436800907,NORMAL,7.059145476920734,1.4964086844493774,0.09777815491282273
67.70835370110233,2.512024166544602,1826.707013787206,WARNING,29.239985889652843,3.9605418931879015,0.4460822988491346
62.72675610828802,3.18544198445061,1894.779862805557,WARNING,21.459900148325268,4.797911589826734,0.4627057052028222
30.372065546178238,0.30921061654947557,941.0880751931116,NORMAL,-12.012437353030068,0.48175194786391184,0.22981393777609563
29.789517922522883,0.8521563902101524,991.5853468045001,NORMAL,-10.93950268654691,1.3413985924215353,0.24214538383504275
41.61734423928448,0.9790103151639722,419.90958603934223,NORMAL,3.23512530996062,1.9492941506583366,0.10254202345283082
35.467052389178214,0.9086021765346577,538.3170951110981,NORMAL,-4.795933889200212,1.7394206803023746,0.13145716608329625
39.80335332677542,0.7066315913396684,695.2030782323422,NORMAL,-1.2386003838205424,1.3905358452815813,0.16976876147309944
62.346238174043116,2.218327662291126,1602.1762914757035,WARNING,21.660089835062823,3.581811938545311,0.39125184163020843
39.39129252371454,0.5861657683333801,686.1243177838969,NORMAL,-0.9587409862718035,1.0460531215298738,0.1675517259545536
61.77805752349946,2.8758702935844953,1238.9919718709473,WARNING,22.01454671674928,5.942753564451167,0.3025621420930274
63.875288277137024,3.4284712206319607,1807.5836289343538,WARNING,21.902691385606325,6.837345559841728,0.4414123635981328
39.361627127085015,0.7962324533501555,223.08227449610456,NORMAL,-0.743953983444766,1.3925805261503676,0.05447674590869464
82.85036072316875,6.108778675199941,3687.556543165651,FAULT,44.464689090545356,9.528521629498243,0.9005022083432603
59.39662631635991,1.9491122292840277,1752.7996921049955,WARNING,20.489800333624157,3.5700543019666116,0.4280341128461528
46.32968129352767,1.1313124835008552,766.7795776070386,NORMAL,7.056649733637429,2.34446052516613,0.18724776009939892
39.36985207343493,0.5972667279342105,769.5628836250027,NORMAL,-1.6106454922300841,1.0073459229168282,0.18792744410866977
47.478220685167344,0.7046431342433073,1131.899088838926,NORMAL,5.398166667826465,1.0681583863648612,0.27641003390449964
40.216252714491766,0.5067862486829517,603.0633150235882,NORMAL,-2.7240655839335304,1.0767739697051097,0.14726820879696903
32.194847442813185,0.7777837997176488,423.1727788401359,NORMAL,-8.913819624909001,1.307632617984158,0.10333889593165711
38.67506774077002,0.5866228267672274,1172.2046014204395,NORMAL,-0.4913455574544825,1.211313772209612,0.28625264991952126
37.71787021928204,0.6718389943604789,431.04803567851917,NORMAL,-2.6535517161135243,1.0815325446319923,0.10526203557472996
35.18373157060605,0.1,708.8748819683327,NORMAL,-7.002294241476087,0.19670395369562166,0.17310741928408613
42.56491424799362,1.1603510461838797,641.3973565756745,NORMAL,2.4408546211031803,2.5398223113092206,0.15662939110517082
77.32332333537738,6.212448331331126,2905.5639377293996,FAULT,35.63214253566458,13.59963805689778,0.7095394231329425
65.35165076672456,2.516520745682958,1945.0181647478685,WARNING,25.344450288355105,5.209675307951705,0.4749739108053403
38.8784360701455,0.8272542049469082,720.342621785473,NORMAL,-3.270465691804507,1.6019697826858483,0.17590784414785668
63.342945604048694,2.366695550219431,1214.3673440313632,WARNING,24.034878130989746,4.647465246521583,0.2965488019612609
50.43556679794093,1.1044917071091747,926.4484137717152,NORMAL,10.086951797109863,1.7321439920201935,0.22623892888198174
42.35131873798093,1.1339793920418444,779.0207504790749,NORMAL,3.5854096398731095,2.212683585931029,0.1902370575040476
37.6460722114633,0.9606630543212906,613.9678636458664,NORMAL,-2.567177528561468,1.540553128307527,0.1499311022334228
33.10137510670625,0.2906837843590897,518.5510073933973,NORMAL,-6.821764861051855,0.471154699083242,0.12663028263575027
29.152960207939817,0.4179831922494786,664.1435213325437,NORMAL,-10.156553908115443,0.7768796975507719,0.16218401009341726
33.2682121963138,0.638229088938185,545.8700072791619,NORMAL,-7.5949057891771865,1.2347205277487099,0.1333015890791604
36.13645642876404,0.8767441210800666,821.5582164060711,NORMAL,-4.066308238469816,1.8574527424744613,0.20062471707107962
40.4199642806582,0.8559859033982482,800.56789043375,NORMAL,2.499363935464005,1.8139866341204962,0.1954988743427961
47.24288292662226,1.1172297239809446,657.4740521627303,NORMAL,8.330576090666128,2.14757551471625,0.16055532409346285
43.60494695851954,0.6827871831629808,918.3084404003707,NORMAL,3.13149832483837,1.2065694221903567,0.22425114539691593
59.96084585902918,2.602019264833789,1419.4802611256996,WARNING,19.704323646340672,4.683847758514638,0.34663742640432227
49.37900273356817,0.7014639267442583,397.40308124091223,NORMAL,8.151357351703362,1.089534751583407,0.09704592948496026
62.9647122184068,2.649512230188781,1202.9955220268914,WARNING,25.411618776207966,4.795913255179867,0.29377180025076716
33.3675610747303,0.8447769571358265,949.8739454567019,NORMAL,-8.46922214076401,1.3491511220809933,0.23195944943997604
51.961826329688634,0.6184339961948261,1017.4070035379771,NORMAL,12.413911286833294,0.9816224408403892,0.2484510387150127
67.00785768852872,2.1012794311895195,2029.0344012945006,WARNING,26.770685282695666,3.3424309619906087,0.49549069628681336
60.1284159675232,2.696117932351472,1365.527718158004,WARNING,20.98392144330125,5.631975668426401,0.33346220223638684
37.992927857714925,0.8080092428847268,718.9665403872841,NORMAL,-3.521077752273533,1.7009899321972908,0.17557180473437953
51.02965041362728,0.4193817224858332,508.3744462929134,NORMAL,11.029825364719184,0.7741436489835128,0.12414516392989337
38.71577319487776,0.5745623700922864,882.4714344402923,NORMAL,-0.44588809236321925,0.95115897633078,0.21549973979005918
39.25797306220065,0.19152368692642696,976.9425337317364,NORMAL,-3.270630520572655,0.3426854176643619,0.23856960530689533
39.36941113384504,0.6455278186452723,766.47584985184,NORMAL,0.7800983416907754,1.3421281314575553,0.18717358970740905
81.95153504073888,6.251646299087252,3882.954403875641,FAULT,41.877785237654756,12.636781264007906,0.9482184136448453
39.18282084671919,1.0239804444546465,834.0094055613321,NORMAL,-1.6658663236327915,1.7341449331715892,0.2036653005033778
42.475904443929934,0.5358375307235012,982.005644590194,NORMAL,0.49814802108497913,0.9463420030254095,0.2398060182149436
43.159741420046664,0.46820694877421654,894.1706100302895,NORMAL,2.171603127813299,1.0121873876966894,0.21835668132607802
48.925844067582375,0.6223587164464817,253.9298553038018,NORMAL,9.315222319048122,0.9865682603541363,0.06200973267492107
35.88284297007167,1.0764368498773087,1174.338841865974,NORMAL,-5.933702263772385,1.5180349255966301,0.28677383195750283
66.3968027953757,2.514007834234974,1822.1787349614663,WARNING,23.494098216213175,3.9459828834680177,0.44497649205408213
47.093646377550314,0.7618099034331044,842.647576541383,NORMAL,8.165383709357226,1.5418206888214911,0.2057747439661497
41.92533051388636,0.8134191626362937,517.7623479906019,NORMAL,0.7560516429400028,1.4793201527957882,0.12643769181699682
43.293087823961386,1.0235275250330043,899.2876587233058,NORMAL,3.0874341526152578,1.9635410603637273,0.21960626586649712
66.07833771211234,2.6672062629986537,1355.7141055006482,WARNING,25.27377841003712,4.723881486613778,0.3310657156289739
38.231228331093256,0.5277318978023633,935.2357558043553,NORMAL,-1.4143454555200206,0.8098467900421146,0.22838479995222352
39.39275662297989,0.5508424614844047,933.5693430138138,NORMAL,-1.391584574769469,0.7974232310653182,0.22797786154183486
66.77560151193856,2.9340918855431024,1520.9839803929972,WARNING,28.329569109568492,4.30847560713633,0.37142465943662933
50.790850997917886,0.8255386561054427,859.6651294408367,NORMAL,9.994034053397298,1.508716475601072,0.20993043453988686
45.50762993076586,0.8819450780381567,563.2933590698037,NORMAL,6.558166507583496,1.688800058392969,0.1375563758412219
64.21534582753691,1.5,1976.281902375216,WARNING,22.585125222631174,3.2380716108091216,0.4826085231685509
32.46852643040954,0.8211173891823875,615.6640699493206,NORMAL,-6.988319871987692,1.7083329282323292,0.1503453162269403
73.0,3.494335637891604,2495.9520242293365,WARNING,36.69901930166725,7.160180540490461,0.6095120938288978
44.969033535682044,0.6583579813082636,476.28468030070985,NORMAL,6.0774288411212,1.0185916242412079,0.11630883523826858
43.73564205838421,0.43243096900889344,841.4302284179656,NORMAL,6.828737139034796,0.647945890817745,0.20547746725713445
38.22999943624913,0.8100007380713606,776.0453358460938,NORMAL,-4.198925467606831,1.7197814767229096,0.18951046052407663
51.36552553531077,1.031360058254591,542.1678282054775,NORMAL,10.29463693678138,1.686672814091484,0.13239751604529365
42.84252103333938,0.6490100162676422,970.1443798897055,NORMAL,4.725398242725661,1.3951052525184038,0.23690949447856058
44.68925148680853,0.6196735985959679,1127.0748450240985,NORMAL,3.9664872765000414,1.331123926747271,0.27523195238683723
40.80029896398244,0.28816825177322375,695.6490129301875,NORMAL,1.3674175854248944,0.47538182325468725,0.1698776588352106
58.36158219968994,2.2352260288629044,1684.911938626289,WARNING,21.128510614461334,3.478039707672146,0.41145590686844663
25.0,0.8766333569050053,755.6598134069426,NORMAL,-16.036867836604365,1.77653849352717,0.18453231096628633
34.806058948975235,1.3889736148069565,833.4736530685291,NORMAL,-3.351305611987831,2.1194457464118073,0.20353446961380442
42.32885033019108,0.6979869559425299,585.5635059457944,NORMAL,4.291882721309378,1.1788820339945074,0.14299475114671414
60.62803194218357,2.486163312130594,1859.590344348443,WARNING,21.23471704306579,4.9165339386598355,0.454112416202306
44.521531100673215,0.5077638113443694,939.4807891429158,NORMAL,0.6938704277771297,1.0758686299100382,0.22942143813013816
40.56322086119964,0.7673507787568142,513.3682362297257,NORMAL,2.428370502137045,1.6234798885943071,0.12536464865194766
45.372325702677536,0.7492112900318061,502.7219657167317,NORMAL,4.0103973974528095,1.4495477347627497,0.12276482679285267
68.78634419037763,2.3199617385467266,1219.2751966197186,WARNING,29.283704826159536,3.989797425334638,0.29774730076183603
60.00052991842527,1.8164369633408728,1329.5016596035757,WARNING,21.833635693183737,3.205929258385138,0.32466462993982315
36.586176400813144,0.6740300151390468,805.6742832027942,NORMAL,-7.290940283941534,1.4646475955563636,0.19674585670397904
59.93393813034292,2.572309491331733,1501.5777678343404,WARNING,20.79893720860593,4.068932504201975,0.3666856575908035
36.535386018137814,0.6513112702942052,564.239032629933,NORMAL,-3.414786029306358,1.392862131427884,0.1377873095555392
34.35834725909103,0.6842116550304527,849.7624666552503,NORMAL,-4.884484403628916,1.0413390257067399,0.207512201869414
64.66964374465637,1.7562748874053917,1660.2152681389907,WARNING,24.432293853593503,2.644280532120321,0.40542497390451543
39.597083889785246,0.8635711170362687,508.31813656561064,NORMAL,0.1416858401131743,1.7609110334584612,0.1241314130807352
44.444964587974276,0.7286986519265696,924.9890407485676,NORMAL,8.136906765344376,1.0393125341110536,0.22588254963334983
44.370399045800994,0.8515177987866278,803.7491275937416,NORMAL,7.485912664523284,1.8392160240497826,0.19627573323412492
60.14031655488035,2.903916100769275,2480.1263656572983,WARNING,20.517362130508367,5.931163140492756,0.6056474641409764
37.0551472676466,0.9690815760578302,1110.7401389330084,NORMAL,-0.4453745301139467,1.3808096816036677,0.27124301317045385
88.06973675186568,3.8,2700.0,FAULT,50.0218993682002,7.049851626587494,0.6593406593406593
91.22318283186073,5.242522888435581,3768.631972569661,FAULT,51.11465095569432,7.796040834402952,0.9203008480023591
46.886287414336536,0.8582225146938881,240.1738202743416,NORMAL,4.399938273473228,1.5843756321826084,0.05865050556149978
41.62731814091065,0.45378076101763914,1065.628455942926,NORMAL,-0.10294504441702723,0.8116257593221122,0.26022672916799167
35.00309625363241,0.8760346387761164,387.74929433438217,NORMAL,-6.0667799777713505,1.6916712144218995,0.09468847236492849
52.33325223610263,2.9188445056883445,1342.0413267781264,WARNING,12.14024478912543,4.332678860179156,0.3277268197260382
43.00087618164797,0.6486879611751433,482.13291171357446,NORMAL,2.9341614539292378,1.4120054967184041,0.11773697477742966
42.28135447601115,0.5177655697606063,775.1860049934434,NORMAL,0.4968129311329328,1.1063318963900084,0.1893006117200106
54.437621984266286,2.290143020020994,2385.157962791127,WARNING,12.17939870917743,4.621002884002445,0.5824561569697502
34.089235543364694,0.4589970304076293,655.6147539082606,NORMAL,-4.629024731272865,0.8706117347198934,0.16010128300568024
83.99994004145833,5.052619742657943,3808.9244710650614,FAULT,44.46058529900319,7.514532194873927,0.9301402859743739
44.209697865122884,0.7720957271015275,528.024701704277,NORMAL,4.674085115439626,1.5570947733722198,0.12894376109994554
38.37756379240546,0.516562128627439,1016.9634713217347,NORMAL,-0.9275204640040176,1.0636218850752481,0.24834272803949564
44.46100042568919,1.0858470119615276,805.0176181272304,NORMAL,5.26987779081538,2.090630956511227,0.19658549893216862
90.14857800568775,4.59209071379624,2828.9550630933536,FAULT,50.1542286812099,9.42366433057012,0.6908315172389142
42.94342777355406,1.0710551569684594,1060.9753649115487,NORMAL,3.0640775508328097,2.042816748102309,0.2590904432018434
34.626167034405626,0.4204658170412367,587.9331013970148,NORMAL,-5.369803170834959,0.8962800773910657,0.14357340693455795
84.91865562993965,5.022203268974429,3536.858454092726,FAULT,43.30621988876954,10.231971914592725,0.8637016981911418
38.03845403935456,0.8198041788034969,444.44964656153627,NORMAL,0.31600248701404743,1.3894278139253344,0.10853471222503938
32.91958873739035,0.8799027866332005,770.6759406120656,NORMAL,-6.415832259182739,1.7079754888513325,0.18819925289671932
50.0,1.8074939881089738,1743.82706221657,WARNING,10.481996155787723,3.8273438314963624,0.4258429944362809
67.36075050417232,3.5104955665536712,2513.691294019668,WARNING,26.59072350273787,6.0731686212909715,0.6138440278436308
43.949140173671495,0.6692164167943251,702.8389802994968,NORMAL,3.767410064061633,1.0209719737539016,0.17163345062258775
38.10411782713724,0.39369725976973385,876.9198203103676,NORMAL,-1.1662045647102368,0.6321354326625659,0.21414403426382606
61.45714435262157,2.92877890312923,1817.5427224405933,WARNING,23.78745901721664,6.1928902467557965,0.44384437666436954
53.345416369173286,1.632783595166884,1475.5416957011246,WARNING,12.908757577784877,2.3593421888100483,0.36032764241785703
46.30410634613381,0.6085299701932069,878.9970604336955,NORMAL,5.3377435768018575,1.0114272645806155,0.21465129680920525
36.84690804284712,0.6313508113145083,253.34036829938032,NORMAL,-1.7079857095573485,1.197390050862979,0.06186577980448848
90.34932298954513,4.566444104583961,4095.0,FAULT,50.40269886352081,8.19069409994707,1.0
41.41813661903645,0.7278686736118524,1025.2282736136126,NORMAL,1.2297923720984776,1.3185775057205475,0.25036099477743895
37.448285630969394,0.344261609645744,1017.0118346075285,NORMAL,2.02441803305398,0.5634337404431947,0.24835453836569682
41.41489249025996,0.9383190529998297,464.0220067270726,NORMAL,1.528550499746495,1.4143761020489867,0.11331428735703848
33.6872812860809,1.171245373906067,652.9259854506371,NORMAL,-5.854542008095428,2.2500643552270096,0.15944468509173068
39.51804435486764,0.7648464544279647,966.6591406492312,NORMAL,-0.39808734112703975,1.3559529165678792,0.23605839820494046
66.9302593960755,3.489290397131496,1698.1097322346811,WARNING,29.538128582731417,5.107559936909899,0.4146788112905204
42.069315407678786,1.005797744445002,684.4133611126616,NORMAL,2.0781743775691597,1.8521989671851857,0.1671339099176219
33.0982433817285,0.6733911547618382,594.1803245531291,NORMAL,-4.951252349452883,1.0568791393257726,0.1450989803548545
67.99330411733604,1.9148736097471355,2463.4856445048563,WARNING,28.456666228040433,2.97963633543216,0.6015837959718818
37.29655831313749,0.48251318485622274,431.54454922321537,NORMAL,-0.5833758067107824,0.9494571648353222,0.10538328430359349
66.51098510538904,2.966616348654476,1683.789941898765,WARNING,30.55970376536998,6.133998981318385,0.4111819149935934
87.68608794446261,5.466883638151615,4095.0,FAULT,47.83188282590696,9.880491717370127,1.0
46.21434774801868,0.7147522976148215,763.3982424309066,NORMAL,5.267496289453174,1.308677765163571,0.18642203722366463
44.78300965528006,0.5979561848922333,561.8949568578249,NORMAL,3.9976041505888027,1.2573511893279918,0.13721488567956652
34.43817864581407,0.1,750.1655189602147,NORMAL,-2.464827388985661,0.19406601573542967,0.18319060292068737
34.51398476758483,0.41979642145708795,870.351755725285,NORMAL,-7.819449607011873,0.6099348098488285,0.2125401112882259
42.06456080154389,0.6204116986827333,931.965368618593,NORMAL,4.1510160493734025,1.2547194847097973,0.227586170602831
40.4796020619762,0.7983972514861455,412.5453055112848,NORMAL,-1.45637983035456,1.4708283530662447,0.1007436643495201
42.506244947837,0.8266349738283942,1029.849512718548,NORMAL,0.45952595629366044,1.719988808312377,0.25148950249537194
34.577160439971166,0.8313880407201429,849.3941453077273,NORMAL,-5.721353463980133,1.814505396917068,0.2074222577064047
62.24574731797055,2.50718453525748,2205.5759454349213,WARNING,21.24781152761817,5.251329545872325,0.5386021844773923
67.21077698438702,3.0183417969214337,1831.8575020560177,WARNING,26.095130868022064,4.843986100013686,0.44734004934212884
40.897747423193394,0.8531673957342291,719.2299816757819,NORMAL,2.2460584391505742,1.6564553975459027,0.17563613716136312
36.17509441888159,1.1881082386395185,973.9142573092718,NORMAL,-4.329238383986421,2.487852669790838,0.23783009946502362
67.85160541222099,3.5860790018620925,1309.9600978086978,WARNING,29.731532732865418,6.40597851315607,0.3198925757774598
63.50225224820393,3.7323121362471996,1631.0963890016494,WARNING,24.265590519814534,5.600514384140319,0.3983141365083393
59.49776702691722,1.7915318587054272,1914.5976828074688,WARNING,17.497071076504056,2.9414220708254226,0.46754522168680557
57.02009934622659,3.3027776437795473,2183.3102414395426,WARNING,17.7695551484074,6.183818498996603,0.5331648941244305
